id,type,slug,action,notes
63988,page,test-as,ARCHIVE,
47796,page,internship-program-2022,ARCHIVE,
45085,page,test-page,ARCHIVE,
45057,page,test,ARCHIVE,
42197,page,test-gtm,ARCHIVE,
40902,page,internship-program,ARCHIVE,
16317,page,contact,ARCHIVE,
51284,post,how-new-infrastructure-funding-is-impacting-aviation-project-development,ARCHIVE,
46166,post,designing-offices-post-covid-to-meet-the-remote-working-trend,ARCHIVE,
43886,post,avoiding-surprises-when-master-planning-mixed-use-hospitality-projects,ARCHIVE,
43851,post,u-s-construction-market-recap-for-2021,ARCHIVE,
43441,post,construction-labor-market-outlook,ARCHIVE,
43046,post,test-post,ARCHIVE,
42081,post,the-healthcare-sector-pre-and-post-covid-19-2,ARCHIVE,
41985,post,the-higher-education-sector,ARCHIVE,
41785,post,a-macroeconomic-analysis-of-commodity-prices-during-the-covid-19-pandemic,ARCHIVE,
41330,post,pj-cleary,ARCHIVE,
41190,post,the-continuing-effects-of-the-covid-19-pandemic-on-the-global-supply-chain,ARCHIVE,
41081,post,pete-matthews,ARCHIVE,
41074,post,matt-murphy,ARCHIVE,
41073,post,luke-picotte,ARCHIVE,
41029,post,ashley-coy,ARCHIVE,
41009,post,performing-as-built-documentation-reviews-and-field-audits-to-prevent-downtime-in-data-center-facilities-1,ARCHIVE,
40929,post,oliver-steeves-2,ARCHIVE,
40928,post,emily-goldberg,ARCHIVE,
40927,post,rob-magnano,ARCHIVE,
40926,post,ashley-gafar,ARCHIVE,
40925,post,carlye-cunningham,ARCHIVE,
40924,post,ben-dunn,ARCHIVE,
40910,post,working-as-a-contracts-manager-san-francisco-ca,ARCHIVE,
39389,post,aia-introduction-to-hvac-systems,ARCHIVE,
39164,post,rics-approach-to-unit-pricing,ARCHIVE,
39162,post,rics-cost-approaches-in-the-us-and-uk,ARCHIVE,
39160,post,aia-quarterly-construction-market-analysis,ARCHIVE,
39158,post,rics-course-benchmarking,ARCHIVE,
38946,post,sustainability-in-the-hospitality-sector,ARCHIVE,
38510,post,the-future-of-the-hospitality-market,ARCHIVE,
38229,post,a-guide-to-developing-effective-owner-project-requirements,ARCHIVE,
37891,post,the-role-of-a-program-management-office-in-project-portfolio-success,ARCHIVE,
37831,post,a-guide-to-performing-facility-condition-assessments,ARCHIVE,
36668,post,the-higher-education-sector-what-comes-after-covid-19,ARCHIVE,
36066,post,evaluating-exposure-to-cost-overruns-and-claims-during-tumultuous-times,ARCHIVE,
35999,post,the-healthcare-sector-pre-and-post-covid-19,ARCHIVE,
35931,post,covid-19-and-the-global-construction-market-washington-state-april-20-2020,ARCHIVE,
35885,post,the-role-of-leadership-in-project-success,ARCHIVE,
35821,post,webinar-covid-19-and-the-global-construction-market-april-6-2020,ARCHIVE,
35733,post,covid19-response-byron-topol,ARCHIVE,
35679,post,covid19-response-stephen-coulthard,ARCHIVE,
35652,post,covid19-response-chris-thompson,ARCHIVE,
35650,post,covid19-response-gary-todd,ARCHIVE,
35637,post,covid19-response-steve-sciscione-kristen-pyle,ARCHIVE,
35635,post,covid19-response-chris-cummings,ARCHIVE,
35624,post,covid19-response-sonny-jester,ARCHIVE,
35622,post,covid19-response-jim-britton,ARCHIVE,
35594,post,covid19-response-christine-marez,ARCHIVE,
35591,post,covid19-response-jeff-birenbaum,ARCHIVE,
35560,post,covid-19-and-the-global-construction-market,ARCHIVE,
35546,post,covid19-response-pete-melucci,ARCHIVE,
35507,post,aia-course-utilizing-cost-management-as-a-tool-to-improve-project-performance,ARCHIVE,
35485,post,aia-course-d-profiler-bringing-your-healthcare-project-to-life,ARCHIVE,
34807,post,escalation-and-its-impact-on-construction,ARCHIVE,
34452,post,recent-tariffs-and-their-impact-on-the-construction-industry-white-paper,ARCHIVE,
34100,post,white-paper-the-value-of-using-published-metrics-for-mep-estimating,ARCHIVE,
55143,tribe_organizer,fraser-davidson,DELETE,
55140,tribe_organizer,jorge-aulestia-de-faria,DELETE,
55138,tribe_organizer,chris-wilson,DELETE,
54941,tribe_organizer,aggie-zamir-2,DELETE,
54664,tribe_organizer,barb-thompson,DELETE,