id,title,slug,event_url,start_date,end_date,all_day,event_email,venue_name,venue_url,venue_phone,venue_address,venue_city,venue_state,venue_postcode,venue_country,person1,person2,person3,person4,person5,migration_status,migration_note
68218,"CASH 46th Annual Conference on School Facilities",cash-46th-annual-conference-on-school-facilities-2,https://cashnet.org/default.aspx,"2025-02-24 00:00:00","2025-02-26 23:59:59",1,,"Palm Springs Convention Center",,,"277 N Avenida Caballeros","Palm Springs",,92262,"United States",anthony-sanchez,eileen-ta,kunal-shah,paige-miller,john-olsson,,
68162,"Healthcare Project Delivery Conference 2025",healthcare-project-delivery-conference-2025,https://www.hcpdconference.com/,"2025-02-10 00:00:00","2025-02-12 23:59:59",1,,"Omni San Diego",https://www.omnihotels.com/hotels/san-diego?utm_source=gmblisting&utm_medium=organic,"(619) 231-6664","675 L St,","San Diego",,92101,"United States",bill-foulkes,gary-brett,kim-mchugh,,,,
68142,"IMN Winter Forum on Real Estate Opportunity &amp; Private Fund Investing",imn-winter-forum-on-real-estate-opportunity-private-fund-investing,https://imn.org/laguna/about,"2025-01-22 00:00:00","2025-01-24 23:59:59",1,,"Montage Resort &amp; Spa, Laguna Beach, CA",,,"30801 South Coast Highway","Laguna Beach",,92651,"United States",aggie-zamir,jeff-mazmanian,,,,,
68028,"ALIS &amp; ALIS Design+ - The Americas Lodging Investment Summit",alis-alis-design-the-americas-lodging-investment-summit,https://www.burba.com/ALIS,"2025-01-28 00:00:00","2025-01-31 23:59:59",1,,"JW Marriott/Ritz-Carlton Los Angeles L.A. LIVE",,,"900 W Olympic Blvd","Los Angeles",CA,90015,"United States",aggie-zamir,jonathan-weislow,rick-collinge,travis-ricca,allison-gibson,,
68095,"PTC Hawaii",ptc-hawaii,https://www.ptc.org/ptc25/,"2025-01-19 00:00:00","2025-01-22 23:59:59",1,,"Hilton Hawaiian Village",,,"2005 Kālia Rd",Honolulu,HI,96815,"United States",chris-adams,fraser-davidson,gareth-foley,,,,
67920,"INSPIRE Luxury Hospitality Conference",inspire-luxury-hospitality-conference,https://inspire.ilha.org,"2024-12-04 00:00:00","2024-12-05 23:59:59",1,,"Fountainebleau Las Vegas",,,"2777 S Las Vegas Blvd","Las Vegas",Nevada,89109,"United States",aggie-zamir,jonathan-weislow,,,,,
67798,"CABSE Fall 2024",cabse-fall-2024,https://cabse.org/,"2024-11-07 00:00:00","2024-11-09 23:59:59",1,,"US Grant Hotel, San Diego, CA",,,"326 Broadway","San Diego",CA,92101,"United States",eileen-ta,rory-lorenzo,,,,,
67793,"Boutique Design New York (BDNY)",boutique-design-new-york-bdny,https://bdny.com/learn-more-go/,"2024-11-10 00:00:00","2024-11-11 23:59:59",1,,"Javitz Center, New York, NY",,,,,,,,aggie-zamir,nicky-unkles,,,,,
67692,"CCFC Conference",ccfc-conference-2024,https://caccfc.org/general/custom.asp?page=AnnualConference2024,"2024-11-06 00:00:00","2024-11-08 23:59:59",1,,"The Westin Rancho Mirage Golf Resort &amp; Spa",,,"71333 Dinah Shore Dr","Rancho Mirage",California,92270,,eileen-ta,kunal-shah,huy-hoang,jorge-rojas,,,
67673,"LOC Conference",loc-conference-2024,https://www.orcities.org/training-events/conferences/99th-annual-conference,"2024-10-17 00:00:00","2024-10-19 23:59:59",1,,"The Riverhouse, Bend",,,"3075 N Hwy 97",Bend,,97703,"United States",shellee-mccullick,wayne-powderly,shane-moffitt,,,,
67631,"ULI Fall Meeting",uli-fall-meeting-2024,https://fall.uli.org/,"2024-10-28 09:00:00","2024-10-30 10:00:00",,,"Resorts World Las Vegas",,,"3000 Las Vegas Blvd S Las Vegas",,NV,89109-1932,"United States",trevor-shulters,graham-flight,eugenie-laroux,jeff-mazmanian,,,
67596,"DCAC Austin",dcac-austin,https://dcac-live.com/agenda/,"2024-09-24 00:00:00","2024-09-25 23:59:59",1,,"ACL Theater, Austin, TX",,,"310 W Willie Nelson Blvd",Austin,TX,78701,"United States",,,,,,,
67581,"The Marriott Vacations Worldwide Caring Classic",the-marriott-vacations-worldwide-caring-classic-2024,https://events.golfstatus.com/event/2024-marriott-vacations-worldwide-caring-classic/details/registration-details,"2024-09-20 00:00:00","2024-09-20 23:59:59",1,,"Hawk's Landing Golf Club",,,"8701 World Center Dr",Orlando,,32821,"United States",graham-flight,ashok-patel,,,,,
67573,"G2E Conference",g2e-conference-2024,https://www.globalgamingexpo.com/en-us.html,"2024-10-07 00:00:00","2024-10-10 23:59:59",1,,"The Venetian Expo",,,,"Las Vegas",NV,,"United States",graham-flight,steve-cullen,scott-hebert,,,,
67485,"The Lodging Conference",the-lodging-conference-2024,https://lodgingconference.com,"2024-10-07 00:00:00","2024-10-10 23:59:59",1,,"JW Marriott Phoenix Desert Ridge Resort & Spa, Scottsdale, AZ",,,"5350 E Marriott Dr",Phoenix,AZ,85054,"United States",aggie-zamir,nicky-unkles,andrew-tanton,,,,
67376,"Airports Council International - North America Annual Conference And Exhibition",airports_council_international,https://airportscouncil.org/conference/2024-annual-conference-and-exhibition/#event36d9-34e7,"2024-09-07 00:00:00","2024-09-10 23:59:59",1,,"Devos Place, Grand Rapids, MI",,,"303 Monroe Ave NW","Grand Rapids",MI,49503,"United States",christine-marez,andy-marshall,jeffrey-beer,,,,
67389,"Advancing IPD Conference 2024",advancing-ipd-conference-2024,https://integrated-project-delivery.com/,"2024-12-02 00:00:00","2024-12-04 23:59:59",1,,"Hyatt Centric Downtown Nashville",https://www.hyatt.com/hyatt-centric/bnact-hyatt-centric-downtown-nashville?src=corp_lclb_gmb_seo_bnact,"(615) 645-6037","210 Molloy St",Nashville,TN,37201,"United States",steve-howard,justin-franklin,,,,,
67382,"Florida Plans &amp; Construction Seminar 2024",florida-plans-construction-seminar-2024,https://www.fpcseminar.com/,"2024-09-29 00:00:00","2024-10-01 23:59:59",1,,"Rosen Shingle Creek",https://www.rosenshinglecreek.com/,"(866) 996-6338","9939 Universal Blvd",Orlando,FL,32819,"United States",,,,,,,
67364,"ULI South Carolina Capital Markets Conference",uli-south-carolina-capital-markets-conference,,"2024-11-20 00:00:00","2024-11-21 23:59:59",1,,"West Beach Conference Center",https://kiawahresort.com/meetings/venues/west-beach-conference-center/,800-654-2924,"2 Shipwatch Rd","Kiawah Island","South Carolina",29455,,jeff-holstein,makenzie-buck,,,,,
67339,"Ten at the Top Summit",ten-at-the-top-summit,,"2024-08-11 08:30:00","2024-08-11 14:00:00",,,"Greenville Convention Center",https://www.visitgreenvillesc.com/listing/greenville-convention-center/6498/,"(864) 233-2562","1 Exposition Drive",Greenville,SC,29607,"United States",jeff-holstein,makenzie-buck,,,,,
67335,"SCSBA Law Conference",scsba-law-conference,https://scsba.org/school-law/,"2024-08-10 00:00:00","2024-08-11 23:59:59",1,,"Charleston Marriott",https://www.marriott.com/en-us/hotels/chsmc-charleston-marriott/overview/?scid=f2ae0541-1279-4f24-b197-a979c79310b0,"(843) 723-3000","170 Lockwood Boulevard",Charleston,,29403,"United States",jeff-holstein,rick-holt,makenzie-buck,,,,
67149,"Municipal Association of South Carolina",municipal-association-of-south-carolina,https://www.masc.sc/association-events/annual-meeting,"2024-07-17 00:00:00","2024-07-21 23:59:59",1,,"Hyatt Regency Greenville, SC",https://www.hyatt.com/hyatt-regency/en-US/gsprg-hyatt-regency-greenville?src=corp_lclb_gmb_seo_gsprg,,"220 N Main St",Greenville,SC,29601,"United States",makenzie-buck,jeff-holstein,,,,,
67106,"AMFP Awards Gala",amfp-awards-gala,https://amfp.org/content.aspx?page_id=4002&club_id=513573&item_id=2292007,"2024-07-17 18:00:00","2024-07-17 22:00:00",,,Cipriani,,,"25 Broadway","New York",,,"United States",,,,,,,
66895,"CABSE Summer Conference",cabse-summer-conference," https://cabse.org","2024-07-14 00:00:00","2024-07-17 23:59:59",1,,"Meritage Resort & Spa, Napa, CA",,,"875 Bordeaux Way",Napa,CA,94558,,eileen-ta,anthony-sanchez,,,,,
66183,"Northwest Indian Gaming Conference & Expo",northwest-indian-gaming-conference-expo,https://24wiga-nw.epwebsite.com/,"2024-06-17 00:00:00","2024-06-19 23:59:59",1,,"Tulalip Resort Casino, Tulalip, WA",,,"10200 Quil Ceda Blvd",Tulalip,WA,98271,"United States",scott-hebert,,,,,,
66071,"Port of Seattle Aviation Industry Day",port-of-seattle-aviation-industry-day,https://www.portseattle.org/events/2024-aviation-industry-day,"2024-06-11 00:00:00","2024-06-11 23:59:59",1,,"Seattle–Tacoma International Airport- Airport Conference Center",,,"17801 International Blvd",Seattle,,98158,"United States",shellee-mccullick,,,,,,
66011,"Boutique Hotel Investment Conference",boutique-hotel-investment-conference,https://www.bllaevents.com/2024-bhic,"2024-06-05 00:00:00","2024-06-05 23:59:59",1,,"Florence Gould Hall",,,"55 E 59th St","New York",NY,10022,"United States",aggie-zamir,seb-betton,,,,,
65902,"National Data Center Investment Expo &amp; Conference (DICE): East",national-data-center-investment-expo-conference-dice-east,https://www.bisnow.com/events/virginia/data-center/national-data-center-investment-expo-conference-dice-east-8429,"2024-05-21 00:00:00","2024-05-23 23:59:59",1,,"The Hyatt Regency Reston",,,"1800 Presidents St",Reston,VA,20190,"United States",chris-adams,,,,,,
65872,"DBIA Western Pacific Region 4th Annual Regional Conference",dbia-western-pacific-region-4th-annual-regional-conference,https://dbia.org/event/dbia-wpr-4th-annual-regional-conference-awards-program/,"2024-05-20 00:00:00","2024-05-22 23:59:59",1,,"Hyatt Regency Sacramento",,,"1209 L St",Sacramento,CA,95814,"United States",jorge-rojas,sara-ho,,,,,
65859,"USGBC California Green Building Conference",usgbc-california-green-building-conference," https://usgbc-la.swoogo.com/CaliforniaGreenBuildingConference","2024-05-23 00:00:00","2024-05-23 23:59:59",1,,"The Beehive",,,"1000 E 60th St","Los Angeles",CA,90001,"United States",christine-marez,,,,,,
65768,"New Jersey Association of Independent Schools Conference",new-jersey-association-of-independent-schools-conference,https://www.njais.org/professional-development/2023-2024,"2024-05-06 00:00:00","2024-05-07 23:59:59",1,,"Nassau Inn",,,"10 Palmer Square W",Princeton,NJ,08542,"United States",rj-panda,jason-tirri,meredith-lovejoy,michael-hessemer,,,
65601,"ACBO Conference",acbo-conference," https://www.acbo.org/i4a/pages/index.cfm?pageid=3625","2024-05-20 00:00:00","2024-05-22 23:59:59",1,,"Hyatt Regency Monterey Hotel and Spa on Del Monte Golf Course",,,,Monterey,CA,,"United States",casino-fajardo,huy-hoang,,,,,
65580,"2024 NYU International Hospitality Industry Investment Conference",2024-nyu-international-hospitality-industry-investment-conference,https://www.ihifamericas.com/ihifamericascom/registration,"2024-06-02 00:00:00","2024-06-04 23:59:59",1,,"New York Marriot Marquis, New York, NY",https://www.sps.nyu.edu/homepage/academics/divisions-and-departments/jonathan-m--tisch-center-of-hospitality/international-hospitality-conference.html,,"1535 Broadway","New York,",,10036,"United States",aggie-zamir,nicky-unkles,seb-betton,,,,
65472,"ULI Spring Meeting 2024",uli-spring-meeting-2024,https://spring.uli.org/,"2024-04-09 00:00:00","2024-04-11 23:59:59",1,,"New York Hilton Midtown",https://www.hilton.com/en/hotels/nycnhhh-new-york-hilton-midtown/?SEO_id=GMB-AMER-HH-NYCNHHH&y_source=1_NzIxNzU0LTcxNS1sb2NhdGlvbi53ZWJzaXRl,,"1335 6th Ave","New York",NY,10019,"United States",mark-fergus,fiona-lyons,,,,,
65436,"Alley Pond Environmental Center Green Gala",alley-pond-environmental-center-green-gala,https://www.alleypond.org/apecs-2024-green-gala.html,"2024-04-11 18:00:00","2024-04-11 21:00:00",,,"Alley Pond Environmental Center",https://www.alleypond.org/apecs-2024-green-gala.html,718-229-4000,"229-10 Northern Boulevard",Douglaston,NY,11362,"United States",,,,,,,
65352,"13th Annual Children’s Classic at Perry Park",13th-annual-childrens-classic-at-perry-park,,"2024-06-24 00:00:00","2024-06-24 23:59:59",1,,"Perry Park Country Club",,303-681-3305,"7047 Perry Park Blvd",Larkspur,CO,,"United States",,,,,,,
65278,"Indian Gaming Tradeshow & Convention",indian-gaming-tradeshow-convention,https://www.indiangamingtradeshow.com,"2024-04-08 00:00:00","2024-04-11 23:59:59",1,,"Anaheim Convention Center",,,,Anaheim,CA,,"United States",graham-flight,scott-hebert,eric-chavez,aggie-zamir,,,
64563,"Hunter Hotel Investment Conference",hunter-hotel-investment-conference,https://www.hunterconference.com/event/86837b08-f7be-4daa-8dc4-fb59657233be/regPage:08790d7d-f15d-42da-84e8-e8f8b8328f0b,"2024-03-19 00:00:00","2024-03-21 23:59:59",1,,"Atlanta Marriott Marquis",,,,Atlanta,,,"United States",aggie-zamir,heather-hill,,,,,
64385,"A4LE South Carolina Chapter Conference",a4le-south-carolina-chapter-conference,https://www.a4le.org/Southeast/South_Carolina/2024_Chapter_Conference/2024_Chapter_Conference.aspx,"2024-03-13 00:00:00","2024-03-15 23:59:59",1,,"Columbia, SC",,,,Columbia,SC,,"United States",jeff-holstein,makenzie-buck,,,,,
64182,"SCASBO Spring Conference",scasbo-spring-conference,https://scasbo.net/about/,"2024-03-06 00:00:00","2024-03-08 23:59:59",1,,"Myrtle Beach, SC",,,,"Myrtle Beach",SC,,,jeff-holstein,rick-holt,,,,,
64011,"ACHE Congress 2024",ache-congress-2024,https://congress.ache.org/,"2024-03-25 00:00:00","2024-03-28 23:59:59",1,,"Hyatt Regency Chicago",https://www.hyatt.com/hyatt-regency/en-US/chirc-hyatt-regency-chicago?src=corp_lclb_gmb_seo_chirc,"(312) 565-1234","151 E. Wacker Drive",Chicago,IL,,"United States",bill-foulkes,ralph-mocerino,,,,,
64033,"SCUP Annual Conference 2024",scup-annual-conference-2024,https://www.scup.org/conferences-programs/scup-2024-annual-conference/#event-home,"2024-07-21 00:00:00","2024-07-23 23:59:59",1,,"Pennsylvania Convention Center",https://www.paconvention.com/,215-418-4700,"1101 Arch Street",Philadelphia,PA,19107,"United States",rj-panda,jason-tirri,meredith-lovejoy,derek-leclerc,michael-hessemer,,
64018,"Revitzo Global Conference",revitzo-global-conference,https://revizto.com/en/revup/,"2024-03-18 00:00:00","2024-03-20 23:59:59",1,,"Gaylord Rockies Resort & Convention Center",,,"6700 N Gaylord Rockies Blvd",Aurora,CO,80019,"United States",mark-fergus,,,,,,
63879,"SCUP North Atlantic Regional Conference",scup-north-atlantic-regional-conference,https://www.scup.org/conferences-programs/north-atlantic-2024-regional-conference/#hotel-travel,"2024-03-24 00:00:00","2024-03-26 23:59:59",1,,"Westin Copley Place",https://www.marriott.com/en-us/hotels/boswi-the-westin-copley-place-boston/overview/?scid=f2ae0541-1279-4f24-b197-a979c79310b0,617-262-9600,"10 Huntington Ave.",Boston,MA,02116,"United States",derek-leclerc,leigh-warren,,,,,
63790,"CASH 45th Annual Conference on School Facilities",cash-45th-annual-conference-on-school-facilities,,"2024-02-28 00:00:00","2024-03-01 23:59:59",1,,"Sacramento SAFE Credit Union Convention Center",,,"1400 J Street",Sacramento,CA,95814,"United States",grace-mui,eileen-ta,milan-mcloughlin,brianna-quintanar,garry-attridge,,
63776,SCSBA,scsba,https://scsba.org/annual-convention/,"2024-02-15 00:00:00","2024-02-18 23:59:59",1,,"Hilton Head Marriott",https://www.marriott.com/en-us/hotels/hhhgr-marriott-hilton-head-resort-and-spa/overview/?scid=f2ae0541-1279-4f24-b197-a979c79310b0,"(843) 686-8400","One Hotel Circle","Hilton Head Island",SC,29928,"United States",jeff-holstein,chris-whitley-jr,makenzie-buck,,,,
63612,"ASHE PDC Summit 2024",ashe-pdc-summit-2024,https://www.ashe.org/education/pdc-summit,"2024-03-17 00:00:00","2024-03-20 23:59:59",1,,"San Diego Convention Center",https://www.visitsandiego.com/,,"111 Harbor Dr","San Diego",CA,92101,"United States",bill-foulkes,gary-brett,kim-mchugh,meredith-lovejoy,steve-howard,,
63577,"ABA Forum on Construction Law",aba-midwinter-meeting-2,,"2024-01-25 00:00:00","2024-01-26 23:59:59",1,,"Caesars Palace",,,"3570 S Las Vegas Blvd",Paradise,NV,,"United States",alison-hunt,sonny-jester,,,,,
63127,"INSPIRE 2023 by IHLA",inspire-2023-by-ihla,https://inspire.theilha.com/,"2023-12-11 00:00:00","2023-12-12 23:59:59",1,,"Eden Roc Miami Beach Resort",,,,Miami,FL,,"United States",nicky-unkles,aggie-zamir,,,,,
63122,"CSBA’s Annual Education Conference and Trade Show",csbas-annual-education-conference-and-trade-show,,"2023-11-30 00:00:00","2023-12-02 23:59:59",1,,"Moscone West Center",,,,"San Francisco",CA,,"United States",grace-mui,milan-mcloughlin,,,,,
63135,"ALIS - The Americas Lodging Investment Summit",alis-the-americas-lodging-investment-summit,https://na.eventscloud.com/ereg/newreg.php?eventid=750148&,"2024-01-22 00:00:00","2024-01-24 23:59:59",1,,,,,,,,,,aggie-zamir,nicky-unkles,marina-berrones,joe-saatkamp,sarah-mcdowell,,
57534,"CCFC Conference",ccfc-conference,https://caccfc.org/page/AnnualConference2023,"2023-11-06 00:00:00","2023-11-08 23:59:59",1,,,,,,,,,,grace-mui,eileen-ta,jorge-rojas,milan-mcloughlin,,,
57477,"NCASA - North Carolina Association of School Administrators",ncasa-north-carolina-association-of-school-administrators,https://ncasa.net/events/2023-ncssa-winter-conference/,"2023-11-30 00:00:00","2023-12-01 23:59:59",1,,"Grandover Resort Golf & Spa",,,,Greensboro,NC,,"United States",makenzie-buck,jeff-holstein,,,,,
57452,"ULI Nashville Emerging Trends",uli-nashville-emerging-trends,,"2023-11-13 00:00:00","2023-11-14 23:59:59",1,,"Country Music Hall of Fame and Museum",,,,Nashville,TN,,"United States",don-twining,heather-hill,,,,,
57447,"IAAPA Themed Entertainment Expo",iaapa-themed-entertainment-expo,,"2023-11-14 00:00:00","2023-11-17 23:59:59",1,,"Orange County Convention Center",,,"9400 Universal Boulevard",Orlando,FL,32819,"United States",asif-parkar,eugenie-laroux,raj-adusumalli,,,,
57424,"CREW SF State of the Market Panel",crew-sf-state-of-the-market-panel,https://crew.eventsair.com/2023-sf-breakfast-11,"2023-11-02 08:30:00","2023-11-02 11:30:00",,,"Commonwealth Club",,,"110 The Embarcadero","San Francisco",CA,94105,"United States",kevin-herron,sam-mullin,,,,,
57409,"Healthcare Design Conference and Expo - New Orleans",healthcare-design-conference-and-expo-new-orleans," https://www.hcdexpo.com/","2023-11-04 00:00:00","2023-11-07 23:59:59",1,,"Ernest N. Morial Convention Center",,,,"New Orleans",LA,,"United States",bill-foulkes,gary-brett,kim-mchugh,chris-smith,justin-franklin,,
57402,"CASBO SoCal Vendor Show",casbo-socal-vendor-show,,"2023-10-17 00:00:00","2023-10-17 23:59:59",1,,"Ontario Convention Center",,,"2000 East Convention Center Way",Ontario,CA,,"United States",grace-mui,,,,,,
57366,"CABSE Fall Conference",cabse-fall-conference,https://cabse.org,"2023-10-19 00:00:00","2023-10-21 23:59:59",1,,"Omni La Costa Resort",,,,Carlsbad,CA,,"United States",grace-mui,,,,,,
57342,"Why People Strategy is a Winning Strategy Webinar",why-people-strategy-is-a-winning-strategy-webinar,https://www.linkedin.com/events/7104761580822638592,"2023-10-31 11:00:00","2023-10-31 12:00:00",,,,,,,,,,,,,,,,,
57321,"CASH Fall Conference",cash-fall-conference,https://cashnet.org/page/FC_FallConference,"2023-10-11 00:00:00","2023-10-13 23:59:59",1,,"Hyatt Regency",,,,"Newport Beach",CA,,"United States",anthony-sanchez,eileen-ta,grace-mui,christine-marez,jessica-ray,,
57306,"G2E Conference",g2e-conference,,"2023-10-09 00:00:00","2023-10-12 23:59:59",1,,,,,,,,,,steve-cullen,,,,,,
57283,"Rebuilding Together Golf Tournament",rebuilding-together-golf-tournament,https://www.rebuildingtogetherpeninsula.org/events/,"2023-10-02 00:00:00","2023-10-02 23:59:59",1,,"Standford University Golf Course",,,"91 Links Rd",Stanford,CA,94305,"United States",vaughan-clarke,chris-adams,,,,,
57237,"League of Oregon Cities Fall Conference",league-of-oregon-cities-fall-conference," https://www.orcities.org/training-events/conferences/98th-annual-conference","2023-10-12 00:00:00","2023-10-14 23:59:59",1,,"The Graduate Eugene",,,"66 E 6th Ave",Eugene,OR,97401,"United States",shellee-mccullick,wayne-powderly,samra-egger,,,,
57105,"CAHED Fall Conference",cahed-fall-conference,,"2023-09-28 00:00:00","2023-09-29 23:59:59",1,,"Steamboat Grand",,,"2300 Mt Werner Cir","Steamboat Springs",CO,80487,"United States",matt-palumbo,justin-franklin,steve-sego,,,,
57096,"AIA California Healthcare Forum",aia-california-healthcare-forum-2,https://aiaca.swoogo.com/hff2023/begin,"2023-10-11 00:00:00","2023-10-11 23:59:59",1,,"Steelcase WorkLife Center Showroom",,,"1150 S. Olive Street","Los Angeles",CA,90015,"United States",bill-foulkes,,,,,,
57068,"ABA Fall Meeting",aba-fall-meeting-2,https://www.americanbar.org/groups/construction_industry/events_cle/2023-fall-meeting/,"2023-09-27 00:00:00","2023-09-29 23:59:59",1,,"Renaissance Washington DC Downtown",,,"999 9th St NW",Washington,WA,20001,"United States",sonny-jester,alison-hunt,,,,,
57033,"17th Annual Healthcare Design and Construction Symposium",17th-annual-healthcare-design-and-construction-symposium-2,https://engineering.vanderbilt.edu/cee/AboutTheDepartment/Civil_EnvEngrWorkshops/index.php,"2023-08-09 00:00:00","2023-08-10 23:59:59",1,,"Vanderbilt University",,,"2201 West End Ave",Nashville,TN,37235,"United States",steve-rutland,don-twining,,,,,
57062,"ULI Fall Session",uli-fall-session-2,https://fall.uli.org/,"2023-10-30 00:00:00","2023-11-02 23:59:59",1,,"LA Convention Center",,,"1201 S Figueroa St","Los Angeles",CA,90015,"United States",mark-fergus,jeff-mazmanian,fiona-lyons,trevor-shulters,max-ako,,
57058,"Construction Management Association of America Conference",construction-management-association-of-america-conference-2,https://www.cmaanet.org/CMAA2023,"2023-10-29 00:00:00","2023-10-31 23:59:59",1,,"Gaylord National Resort & Convention Center",,,"201 Waterfront Street","National Harbor",MD,20745,"United States",michael-natarus,,,,,,
57054,"CoreNet Global Summit, Denver",corenet-global-summit-denver-2,https://www.corenetglobal.org/attend-summits-events/na-summit-denver-2023,"2023-10-28 00:00:00","2023-10-30 23:59:59",1,,"Colorado Convention Center Denver, CO",,,"700 14th St",Denver,CO,80202,"United States",bill-foulkes,sarah-houlden,greg-williams,camille-lasky,,,
57050,"Healthcare Facilities Symposium & Expo",healthcare-facilities-symposium-expo-2,https://hcarefacilities.com/,"2023-09-19 00:00:00","2023-09-21 23:59:59",1,,"Charlotte, NC",,,,Charlotte,NC,,"United States",ron-pruzinsky,gary-brett,kim-mchugh,,,,
57046,"23rd Annual Flight For Life Colorado Golf Classic",23rd-annual-flight-for-life-colorado-golf-classic-2,https://chicf.thankyou4caring.org/FFLColoradogolfclassic,"2023-09-18 00:00:00","2023-09-19 23:59:59",1,,"Sanctuary Golf Course, Sedalia CO",,,"7549 N Daniels Park Rd",Sedalia,CO,80135,"United States",,,,,,,
57042,"Snoqualmie Golf Tournament",snoqualmie-golf-tournament-2,https://www.snocasino.com/casino/press/snoqualmie-casino-2nd-annual-golf-tournament,"2023-08-15 00:00:00","2023-08-15 23:59:59",1,,"The Club at Newcastle, Washington",,,"15500 Six Penny Ln",Newcastle,WA,98059,"United States",scott-hebert,,,,,,
57037,"The Lodging Conference",the-lodging-conference-3,https://lodgingconference.com/,"2023-09-18 00:00:00","2023-09-21 23:59:59",1,,,,,,,,,,aggie-zamir,matt-mcgovern,matt-reid,,,,
57027,"BioHouston Annual Texas Life Science Forum",biohouston-annual-texas-life-science-forum-2,https://txlifescienceforum.org/,"2023-11-07 00:00:00","2023-11-07 23:59:59",1,,"Houston, TX",,,,Houston,TX,,"United States",ron-pruzinsky,,,,,,
57023,"AIA California Healthcare Forum",aia-california-healthcare-forum,https://aiaca.swoogo.com/hff2023/begin,"2023-10-11 00:00:00","2023-10-11 23:59:59",1,,,,,,,,,,,,,,,,
56981,"SCAC Annual Conference and Institute of Government",scac-annual-conference-and-institute-of-government-2,https://www.sccounties.org/event/scac-annual-conference-and-institute-government-1,"2023-09-15 00:00:00","2023-09-15 23:59:59",1,,"Wild Dunes Resort 5757 Palm Blvd Isle of Palms, SC 29451",,,"5757 Palm Blvd","Isle of Palms",SC,29451,"United States",jeff-holstein,makenzie-buck,,,,,
56987,"AIA California Healthcare Forum",aia-california,,,,,,,,,,,,,,,,,,,,
56977,"University of Portland Golf Tournament",university-of-portland-golf-tournament-2,,"2023-07-31 12:00:00","2023-07-31 15:00:00",,,"Columbia Edgewater Country Club, Portland",,,"2220 NE Marine Dr",Portland,OR,97211,"United States",shellee-mccullick,,,,,,
56913,"Craig Hospital Sanctuary Golf Tournament",craig-hospital-sanctuary-golf-tournament-2,https://craighospital.org/events/sanctuary2023,"2023-07-17 00:00:00","2023-07-17 23:59:59",1,,"Sanctuary Golf Course, 7549 Daniels Park Rd, Sedalia, CO 80135",,,"Sanctuary Golf Course, 7549 Daniels Park Rd",Sedalia,CO,80135,"United States",kristen-pyle,lucas-stover,patrick-chambers,matt-palumbo,,,
56844,"BioHouston Annual Texas Life Science Forum",biohouston-annual-texas-life-science-forum,,,,,,,,,,,,,,,,,,,,
56630,"ABA Fall Meeting",aba-fall-meeting,,,,,,,,,,,,,,,,,,,,
56608,"ULI Fall Session",uli-fall-session,,,,,,,,,,,,,,,,,,,,
56585,"Construction Management Association of America Conference",construction-management-association-of-america-conference,,,,,,,,,,,,,,,,,,,,
56563,"CoreNet Global Summit, Denver",corenet-global-summit-denver,,,,,,,,,,,,,,,,,,,,
56452,"Healthcare Facilities Symposium & Expo",healthcare-facilities-symposium-expo,,,,,,,,,,,,,,,,,,,,
56205,"23rd Annual Flight For Life Colorado Golf Classic",23rd-annual-flight-for-life-colorado-golf-classic,,,,,,,,,,,,,,,,,,,,
55998,"Snoqualmie Golf Tournament",snoqualmie-golf-tournament,,,,,,,,,,,,,,,,,,,,
55523,"The Lodging Conference",the-lodging-conference-2,,,,,,,,,,,,,,,,,,,,
55415,"17th Annual Healthcare Design and Construction Symposium",17th-annual-healthcare-design-and-construction-symposium,,,,,,,,,,,,,,,,,,,,
55408,"SCAC Annual Conference and Institute of Government",scac-annual-conference-and-institute-of-government,,,,,,,,,,,,,,,,,,,,
55461,"University of Portland Golf Tournament",university-of-portland-golf-tournament,,,,,,,,,,,,,,,,,,,,
55282,"Craig Hospital Sanctuary Golf Tournament",craig-hospital-sanctuary-golf-tournament,,,,,,,,,,,,,,,,,,,,
54974,"CASBO – California School Business Expo",casbo-california-school-business-expo-2,https://www.casbo.org/learn-grow/events/annual-conference/,"2023-04-04 00:00:00","2023-04-07 23:59:59",1,,"Long Beach Convention Center",,,"300 E Ocean Blvd","Long Beach",CA,90802,"United States",christine-marez,jessica-ray,,,,,
54971,"The Marriott Vacations Worldwide Caring Classic",the-marriott-vacations-worldwide-caring-classic-2,https://events.golfstatus.com/event/58536513-5346-4527-9b5b-b2cbfd2aa098/details/registration-details,"2023-04-24 00:00:00","2023-04-24 23:59:59",1,,"Celebration, Florida",,,,Celebration,FL,,"United States",graham-flight,ashok-patel,,,,,
55218,"ULI Spring Meeting 2023",uli-spring-meeting-2023-2,,"2023-05-16 00:00:00","2023-05-18 23:59:59",1,,"Toronto, Canada",,,,Toronto,,,Canada,mark-fergus,fiona-lyons,,,,,
55206,"Bay Area Council Pacific Summit",bay-area-council-pacific-summit-2,https://www.bayareacouncil.org/event/ps2023/,"2023-06-20 12:30:00","2023-06-20 17:00:00",,,"The Klamath Pier 9, The Embarcadero",,,"Pier 9","San Francisco",CA,94111,,tim-brown,ari-erfani,sam-mullin,,,,
55199,"3rd Annual CABSE Institute",3rd-annual-cabse-institute-2,,"2023-07-09 00:00:00","2023-07-13 23:59:59",1,,,,,,,,,,anthony-sanchez,grace-mui,,,,,
55146,"5th Annual Advancing Construction Analytics Conference",5th-annual-advancing-construction-analytics-conference-2,https://advancing-construction-analytics.com/take-part/register/,"2023-06-26 00:00:00","2023-06-28 23:59:59",1,,"DoubleTree Resort by Hilton Hotel",,,"5401 N Scottsdale Rd","Paradise Valley – Scottsdale",AZ,85250,"United States",chris-wilson,jorge-aulestia-de-faria,fraser-davidson,,,,
55087,"3rd Annual CABSE Institute",3rd-annual-cabse-institute,,,,,,,,,,,,,,,,,,,,
54856,"NYU International Hospitality Industry Investment Conference",nyu-international-hospitality-industry-investment-conference,https://www.sps.nyu.edu/homepage/academics/divisions-and-departments/jonathan-m--tisch-center-of-hospitality/international-hospitality-conference.html,"2023-06-04 00:00:00","2023-06-06 23:59:59",1,,,,,,,,,,aggie-zamir,nicky-unkles,,,,,
54784,"5th Annual Advancing Construction Analytics Conference",5th-annual-advancing-construction-analytics-conference,,,,,,,,,,,,,,,,,,,,
54787,"Bay Area Council Pacific Summit",bay-area-council-pacific-summit,,,,,,,,,,,,,,,,,,,,
54735,"12th Annual Children’s Classic",project-one-foundation-12th-annual-childrens-classic,https://birdease.com/childrensclassic2023,"2023-06-19 00:00:00","2023-06-19 23:59:59",1,,,,,,,,,,,,,,,,
54729,"BOMA Conference",boma-internationals-medical-office-buildings-healthcare-real-estate-conference-2,,"2023-04-26 00:00:00","2023-04-28 23:59:59",1,,"Sheraton Grand Chicago Riverwalk",https://www.marriott.com/en-us/hotels/chigs-sheraton-grand-chicago-riverwalk/overview/?scid=f2ae0541-1279-4f24-b197-a979c79310b0,312-464-1000,"301 East North Water Street",Chicago,,60611,"United States",,,,,,,
54725,"ABA Annual Meeting",aba-annual-meeting,https://web.cvent.com/event/9550d4c6-99ce-4e8c-a239-099d1b0f9d02/summary,"2023-04-12 00:00:00","2023-04-14 23:59:59",1,,"JW Marriott Parq Vancouver",https://www.marriott.com/en-us/hotels/yvrjw-jw-marriott-parq-vancouver/overview/?scid=f2ae0541-1279-4f24-b197-a979c79310b0,604-676-0888,"39 Smithe St",Vancouver,"British Columbia","V6B 0R3",Canada,sonny-jester,alison-hunt,,,,,
54721,"ASHE PDC Summit",ashe-pdc-summit,https://www.ashe.org/education/pdc-summit,"2023-03-12 00:00:00","2023-03-15 23:59:59",1,,"Phoenix Convention Center",,602-262-6225,"100 N 3rd St",Phoenix,AZ,85004,"United States",,,,,,,
54714,"ISPE Annual Vendor Show",ispe-rocky-mountain-chapter-annual-vendor-show,https://rmispe.org/event/2023-vendor-show-and-ski-day,"2023-03-02 00:00:00","2023-03-02 23:59:59",1,,"The Westin Westminster",https://www.marriott.com/en-us/hotels/denww-the-westin-westminster/overview/?scid=f2ae0541-1279-4f24-b197-a979c79310b0,303-410-5000,"10600 Westminster Blvd",Westminster,CO,80020,"United States",,,,,,,
54709,"ABA Midwinter Meeting",aba-midwinter-meeting-3,,"2023-02-01 00:00:00","2023-02-03 23:59:59",1,,"Caribe Hilton",https://www.hilton.com/en/hotels/sjnhihh-caribe-hilton/?SEO_id=GMB-AMER-HH-SJNHIHH&y_source=1_MTI4NjE0NDgtNzE1LWxvY2F0aW9uLndlYnNpdGU,787-721-0303,"1 C. San Gerónimo","San Juan",,00901,"Puerto Rico",,,,,,,
54704,"Healthcare Project Delivery Conference",healthcare-project-delivery-conference-2023,,"2023-02-16 00:00:00","2023-02-17 23:59:59",1,,"Manchester Grand Hyatt",https://www.hyatt.com/en-US/hotel/california/manchester-grand-hyatt-san-diego/sanrs?src=corp_lclb_gmb_seo_sanrs,619-232-1234,"1 Market Pl","San Diego",CA,92101,"United States",,,,,,,
54697,"IAAPA Expo Orlando 2022",iaapa-expo-orlando-2022-2,,"2022-11-14 00:00:00","2022-11-18 23:59:59",1,,,,,,,,,,,,,,,,
54693,"ULI Dallas Fall Meeting 2022",uli-dallas-fall-meeting-2022-2,https://dallas-fortworth.uli.org/events/detail/1EF02799-84D1-44E2-B41C-0C69D9564BE8/,"2022-10-24 00:00:00","2022-10-27 23:59:59",1,,"Kay Bailey Hutchison Convention Center",https://www.dallasconventioncenter.com/,214-939-2750,"650 S Griffin St",Dallas,TX,75202-5005,"United States",,,,,,,
54689,"SCUP North Central Regional Conference",scup-north-central-regional-conference-2,https://www.scup.org/conferences-programs/north-central-2022-regional-conference/,"2022-10-17 00:00:00","2022-10-19 23:59:59",1,,"The University of Illinois Chicago (UIC)",,312-413-5100,"750 S Halsted St",Chicago,IL,,"United States",,,,,,,
54685,"ABA Forum on Construction Law",aba-forum-on-construction-law-2,,"2022-09-28 00:00:00","2022-09-30 23:59:59",1,,"The Peabody Memphis",https://www.peabodymemphis.com/?utm_source=local-directories&utm_medium=organic&utm_campaign=travelclick-localconnect-featured,901-529-4000,"149 Union Ave",Memphis,TN,38103,"United States",,,,,,,
54681,"Chicago Build 2022",chicago-build-2022-2,https://www.chicagobuildexpo.com/chicago-build-2022,"2022-10-13 00:00:00","2022-10-14 23:59:59",1,,"McCormick Place",https://www.mccormickplace.com/,312-791-7000,"2301 S. Dr. Martin Luther King Jr.",Chicago,IL,60616,"United States",,,,,,,
54672,"Healthcare Symposium",16th-annual-healthcare-design-construction-symposium-2,,"2022-08-03 00:00:00","2022-08-04 23:59:59",1,,"Vanderbilt University School of Engineering",,615-343-3773,"2301 Vanderbilt Pl",Nashville,TN,,"United States",,,,,,,
54667,"Chip in Fore Lutheran Golf Tournament",5th-annual-chip-in-fore-lutheran-golf-tournament-2,,"2022-07-25 00:00:00","2022-07-25 23:59:59",1,,"Lakewood Country Club",https://lakewoodcountryclub.net/,303-233-4614,"6800 W 10th Ave",Lakewood,CO,,"United States",,,,,,,
54659,"Children's Classic at Perry Park",childrens-classic-at-perry-park,,"2022-06-20 00:00:00","2022-06-20 23:59:59",1,,,,,,,,,,,,,,,,
53328,"45th Annual NYU International Hospitality Industry Investment Conference",45th-annual-nyu-international-hospitality-industry-investment-conference,,,,,,,,,,,,,,,,,,,,
54193,"My Green Building Conference + Expo",my-green-building-conference-expo,,,,,,,,,,,,,,,,,,,,
54283,"ULI Spring Meeting 2023",uli-spring-meeting-2023,,,,,,,,,,,,,,,,,,,,
53402,"BOMA International’s Medical Office Buildings + Healthcare Real Estate Conference",boma-internationals-medical-office-buildings-healthcare-real-estate-conference,,,,,,,,,,,,,,,,,,,,
53493,"The Marriott Vacations Worldwide Caring Classic",the-marriott-vacations-worldwide-caring-classic,,,,,,,,,,,,,,,,,,,,
53347,"ABA Vancouver Meeting April 2023",aba-vancouver-meeting-april-2023,,,,,,,,,,,,,,,,,,,,
53343,"CASBO – California School Business Expo",casbo-california-school-business-expo-2023,,,,,,,,,,,,,,,,,,,,
51590,"ABA Midwinter Meeting",aba-midwinter-meeting,,,,,,,,,,,,,,,,,,,,
51454,"CASH 44th Annual Conference on School Facilities",cash-44th-annual-conference-on-school-facilities,,,,,,,,,,,,,,,,,,,,
51146,"Healthcare Project Delivery Conference",healthcare-project-delivery-conference,,,,,,,,,,,,,,,,,,,,
51321,"2023 ALIS Conference",2023-alis-conference,,,,,,,,,,,,,,,,,,,,
49500,ICSC+CENTERBUILD,icsccenterbuild-2,,,,,,,,,,,,,,,,,,,,
49090,"IAAPA Expo Orlando 2022",iaapa-expo-orlando-2022,,,,,,,,,,,,,,,,,,,,
48946,"ULI Dallas Fall Meeting 2022",uli-dallas-fall-meeting-2022,,,,,,,,,,,,,,,,,,,,
48413,"LOC Conference",loc-conference,,,,,,,,,,,,,,,,,,,,
48338,"SCUP North Central Regional Conference",scup-north-central-regional-conference,,,,,,,,,,,,,,,,,,,,
48293,"ABA Forum on Construction Law",aba-forum-on-construction-law,,,,,,,,,,,,,,,,,,,,
48258,"The Lodging Conference",the-lodging-conference-22,,,,,,,,,,,,,,,,,,,,
47920,"Chicago Build 2022",chicago-build-2022,,,,,,,,,,,,,,,,,,,,
47892,"29th Annual CCFC Conference",29th-annual-ccfc-conference,,,,,,,,,,,,,,,,,,,,
40742,"16th Annual Healthcare Design & Construction Symposium",16th-annual-healthcare-design-construction-symposium,,,,,,,,,,,,,,,,,,,,
46993,"2nd Annual CABSE Institute",2nd-annual-cabse-institute,,,,,,,,,,,,,,,,,,,,
40869,"5th Annual Chip in Fore Lutheran Golf Tournament",5th-annual-chip-in-fore-lutheran-golf-tournament,,,,,,,,,,,,,,,,,,,,
38838,"Project One Foundation - 11th Annual Children’s Classic",project-one-foundation-11th-annual-childrens-classic,,,,,,,,,,,,,,,,,,,,
45579,"WSSHE Spring Symposium",wsshe-spring-symposium,,,,,,,,,,,,,,,,,,,,
45296,"ULI Spring Meeting 2022",uli-spring-meeting-2022,,,,,,,,,,,,,,,,,,,,
45052,"CASBO – California School Business Expo",casbo-california-school-business-expo,,,,,,,,,,,,,,,,,,,,
44184,"CASH 43rd Annual Conference On School Facilities",cash-43rd-annual-conference-on-school-facilities,,,,,,,,,,,,,,,,,,,,
43756,"We're Headed to ALIS",were-headed-to-alis,,,,,,,,,,,,,,,,,,,,
42024,"IAAPA Expo Orlando 2021",iaapa-expo-orlando-2021,,,,,,,,,,,,,,,,,,,,
41731,"ABA Forum on Construction Law Regional Meeting",aba-forum-on-construction-law-regional-meeting,,,,,,,,,,,,,,,,,,,,
41723,"ABA Forum on Construction Law 2021 Fall Meeting",aba-forum-on-construction-law-2021-fall-meeting,,,,,,,,,,,,,,,,,,,,
41623,"The Lodging Conference",the-lodging-conference,,,,,,,,,,,,,,,,,,,,
41277,"2021 Kansas City Sports & Sustainability Symposium",2021-kansas-city-sports-sustainability-symposium,,,,,,,,,,,,,,,,,,,,
40839,"America’s Lodging Investment Summit",americas-lodging-investment-summit,,,,,,,,,,,,,,,,,,,,
40819,"2021 Indian Gaming Tradeshow and Convention",2021-indian-gaming-tradeshow-and-convention,,,,,,,,,,,,,,,,,,,,
40428,"Virtual Luncheon - Can Chicago Afford To Build?",virtual-luncheon-can-chicago-afford-to-build,,,,,,,,,,,,,,,,,,,,
40357,"How to Turn Your AI/BI into a Reality",how-to-turn-your-ai-bi-into-a-reality,,,,,,,,,,,,,,,,,,,,
40052,"ENCOMPASS: Inclusive Architecture, What’s Next?",encompass-inclusive-architecture-whats-next,,,,,,,,,,,,,,,,,,,,
38675,"What Does Sustainability Mean for the Hospitality Market?",what-does-sustainability-mean-for-the-hospitality-market,,,,,,,,,,,,,,,,,,,,
38057,"Construction Project Scheduling & Delay Claims",construction-project-scheduling-delay-claims,,,,,,,,,,,,,,,,,,,,
37782,"Southern California Facilities Expo",southern-california-facilities-expo,,,,,,,,,,,,,,,,,,,,
37321,"Opportunity in Disruption: Strategic Sustainability Planning During and Post COVID-19",opportunity-in-disruption-strategic-sustainability-planning-during-and-post-covid-19,,,,,,,,,,,,,,,,,,,,
37301,"Construction and Infrastructure",rics-construction-and-infrastructure,,,,,,,,,,,,,,,,,,,,
37137,"Reopening Your Facility: Germicidal Lighting, GBAC Star™ Facility Accreditation, and Covid-19",reopening-your-facility,,,,,,,,,,,,,,,,,,,,
37075,"2020 Healthcare Facilities Forum",2020-healthcare-facilities-forum,,,,,,,,,,,,,,,,,,,,
37012,"WA Chapter: Mapping Your Career – Non-Traditional Paths within CRE",wa-chapter-mapping-your-career-non-traditional-paths-within-cre,,,,,,,,,,,,,,,,,,,,
36995,"Post-Pandemic Hotel Operations",post-pandemic-hotel-operations,,,,,,,,,,,,,,,,,,,,
