id,date,title,slug,news_category,location,byline,reprint_url,reprint_publication,reprint_logo,podcast,season,episode,youtube_url,mp3_url,sector1,sector2,sector3,service1,service2,service3,office1,office2,office3,office4,internal_byline1,internal_byline2,migration_status,migration_note
68260,2025-02-07,"Seismic Upgrades in Healthcare: Understanding Compliance With SB 1953 Part 1",seismic-upgrades-in-healthcare-understanding-compliance-with-sb-1953-part-1,,,,,,,,,,,,healthcare,,,,,,,,,,,,,
68236,2025-01-31,"Rebuilding Homes After LA Fires Could Siphon Workers From CRE Jobs",rebuilding-homes-after-la-fires-could-siphon-workers-from-cre-jobs,,,,,,,,,,,,,,,,,,,,,,,,,
68209,2025-01-21,"Balancing History and Innovation: The Art of Historic Restorations",balancing-history-and-innovation-the-art-of-historic-restorations,,,,,,,"The Construction Insiders Podcast",2,5,https://youtu.be/LcdkMFkbnwc,,,,,,,,,,,,,,,
68202,2025-01-17,"LA Wildfires Construction Impact",la-wildfires-construction-impact,,,,,,,,,,,,,,,,,,,,,,,,,
68190,2025-01-16,"Cumming Group Acquires Dublin-based Lafferty, Strengthening the Team’s Project Management Expertise Across Ireland",cumming-group-acquires-dublin-based-lafferty-strengthening-the-teams-project-management-expertise-across-ireland,,,,,,,,,,,,,,,,,,,,,,,,,
68079,2024-12-18,"Minimizing Construction Impacts During a Historic Holiday Air-Travel Season",minimizing-construction-impacts-during-a-historic-holiday-air-travel-season,,,,,,,,,,,,transportation,,,,,,,,,,,,,
68068,2024-12-18,"Market Insight: 2024 Market & Pricing Review",market-insight-2024-market-pricing-review,,,,,,,,,,,,,,,,,,,,,,,,,
68036,2024-12-13,"Honorhealth Reaches Key Milestone in $170 Million Expansion at Deer Valley Medical Center",honorhealth-reaches-key-milestone-in-170-million-expansion-at-deer-valley-medical-center,,,,,,,,,,,,,,,,,,,,,,,,,
68018,2024-12-05,"Construction Industry Outlook: Building Momentum in 2024",construction-industry-outlook-building-momentum-in-2024,,,,,,,,,,,,,,,,,,,,,,,,,
67947,2024-11-21,"Building for the Future: Women's Sports Facilities and the New Era of Design and Construction",building-for-the-future-womens-sports-facilities-and-the-new-era-of-design-and-construction,,,,,,,"The Construction Insiders Podcast",2,4,https://youtu.be/Q1j2HVFAqCA,,,,,,,,,,,,,,,
67933,2024-11-20,"BTTC Merges with Cumming Group, Expanding Cumming Group’s Infrastructure Capabilities Across the UK and North America",bttc-merges-with-cumming-group-expanding-cumming-groups-infrastructure-capabilities-across-the-uk-and-north-america,,,,,,,,,,,,,,,,,,,,,,,,,
67880,2024-11-14,"Navigating the Complexities of Large-Scale Restorations: Essential Considerations for Institutional Property Owners",navigating-the-complexities-of-large-scale-restorations-essential-considerations-for-institutional-property-owners,,,,,,,,,,,,,,,,,,,,,,,,,
67717,2024-10-23,"Texas Education Construction: Managing Growth and Opportunity",texas-education-construction-managing-growth-and-opportunity,,,,,,,"The Construction Insiders Podcast",2,3,https://youtu.be/H3kp-Q1YgUM,,higher-education,k-12-education,,,,,,,,,,,,
67719,2024-10-22,"Cumming Group Merges With CLoSE UK, Expanding Public Sector Portfolio and Government Estate Management Capabilities Throughout the UK",cumming-group-merges-with-close-uk-expanding-public-sector-portfolio-and-government-estate-management-capabilities-throughout-the-uk,,,,,,,,,,,,,,,,,,,,,,,,,
67698,2024-10-17,"$50M project to double Hackensack Meridian Palisades ED underway",50m-project-to-double-hackensack-meridian-palisades-ed-underway,,,,,,,,,,,,,,,,,,cranford,,,,,,,
67671,2024-10-17,"Market Insight: Inflation Update & Sector Focus: Purpose-Built Student Accommodation",inflation-update-sector-focus-purpose-built-student-accommodation,,,,,,,,,,,,,,,,,,,,,,,,,
67587,2024-09-12,"Integrated Project Delivery in Healthcare Construction: Evolving Strategies for Complex Facilities",integrated-project-delivery-in-healthcare-construction-evolving-strategies-for-complex-facilities,,,,,,,"The Construction Insiders Podcast",2,2,https://youtu.be/nyD9sr_pEkY,,,,,,,,,,,,,,,
67477,2024-08-23,"The Evolving Landscape of Construction and Real Estate: Mid-2024 Outlook",the-evolving-landscape-of-construction-and-real-estate-mid-2024-outlook,,,,,,,,,,,,,,,,,,,,,,,,,
67209,2024-08-02,"Project Management Team Continues Expansion as Specialized Approach Fuels Growth Throughout Texas",project-management-team-continues-expansion-as-specialized-approach-fuels-growth-throughout-texas,,,,,,,,,,,,,,,,,,fort-worth,,,,,,,
66708,2024-07-09,"Cumming Group Moves up 4 spots to #10 on ENR’s annual Ranking",cumming-group-moves-up-4-spots-to-10-on-enrs-annual-ranking,,,,,,,,,,,,,,,,,,,,,,,,,
66194,2024-07-08,"Integrating New Tools and Technologies in Healthcare Construction Projects",integrating-new-tools-and-technologies-in-healthcare-construction-projects,,,,,,,,,,,,healthcare,,,,,,,,,,,,,
66700,2024-07-02,"Cumming Group Picks Gavin Middleton and Christine Mosholder for Top Posts",cumming-group-picks-gavin-middleton-and-christine-mosholder-for-top-posts,,,,,,,,,,,,,,,,,,,,,,,,,
67199,2024-07-01,"State of the Company: 2024 Update",state-of-the-company-2024-update,,,,,,,,,,,,,,,,,,,,,,,,,
66491,2024-06-26,"Navigating the Complexities of Today's Construction Market: Challenges, Opportunities, and Strategic Insights",navigating-the-complexities-of-todays-construction-market-challenges-opportunities-and-strategic-insights,,,,,,,,,,,,,,,,,,,,,,,,,
66239,2024-06-24,"TERO Program Benefits: Building Success in Tribal Gaming Construction Projects",tero-program-benefits-building-success-in-tribal-gaming-construction-projects,,,,,,,,,,,,,,,,,,,,,,,,,
66202,2024-06-18,"Investing in Luxury Hospitality: Insights from Industry Leaders",investing-in-luxury-hospitality-insights-from-industry-leaders,,,,,,,"The Construction Insiders Podcast",2,1,https://youtu.be/phQSXXm8UZw,,,,,,,,,,,,,,,
66152,2024-06-07,"Vail’s big remodel of Dobson Arena is back on track",vails-big-remodel-of-dobson-arena-is-back-on-track,,,,,,,,,,,,,,,,,,,,,,,,,
66100,2024-06-04,"Design Work Wrapped for Deschutes County Courthouse Expansion",design-work-wrapped-for-deschutes-county-courthouse-expansion,,,,,,,,,,,,,,,,,,,,,,,,,
66019,2024-05-22,"Market Insight: Inflation Update & Hospitality Focus",market-insight-inflation-update-hospitality-focus,,,,,,,,,,,,,,,,,,,,,,,,,
65815,2024-05-08,"Raleigh to Start Construction on Convention Center Expansion",raleigh-to-start-construction-on-convention-center-expansion,,,,,,,,,,,,,,,,,,,,,,,,,
65758,2024-05-02,"Navigating Contracts, Risk, and Litigation in the Construction Industry",navigating-contracts-risk-and-litigation-in-the-construction-industry,,,,,,,"The Construction Insiders Podcast",1,17,,,,,,,,,,,,,,,,
65573,2024-04-18,"Raleigh Convention Center Expansion Project Poised to Break Ground",raleigh-convention-center-expansion-project-poised-to-break-ground,,,,,,,,,,,,,,,,,,,,,,,,,
65547,2024-04-15,"Cumming Group Is Joined by Los Angeles-Based Development Consultants the Ridgway Group, Elevating the Company’s Expertise in the Nuanced Luxury Retail and Hospitality Space",cumming-group-is-joined-by-los-angeles-based-development-consultants-the-ridgway-group-elevating-the-companys-expertise-in-the-nuanced-luxury-retail-and-hospitality-space,,,,,,,,,,,,,,,,,,,,,,,,,
65341,2024-03-26,"Lehrer Cumming, PCM, Nova Partners, and RGMK Are Now Cumming Group",lehrer-cumming-pcm-nova-partners-and-rgmk-are-now-cumming-group,,,,,,,,,,,,,,,,,,,,,,,,,
65021,2024-03-19,"Thinking Ahead for Smart Bond Planning",thinking-ahead-for-smart-bond-planning,,,,,,,,,,,,k-12-education,,,,,,,,,,,,,
64773,2024-03-11,"Cumming Group named Sports Authority representative for Tennessee Titans stadium construction",cumming-group-named-sports-authority-representative-for-tennessee-titans-stadium-construction,,,,,,,,,,,,,,,,,,,,,,,,,
64227,2024-02-29,"Market Analysis: Navigating 2024",construction-industry-trends-2024,,,,,,,,,,,,,,,,,,,,,,,,,
64049,2024-02-15,"2024 Market Update: Inflation on Construction Materials",2024-market-update-inflation-on-construction-materials,,,,,,,,,,,,,,,,,,,,,,,,,
63634,2024-01-24,"New York City-based Zubatkin Owner Representation Joins Cumming Group",new-york-city-based-zubatkin-owner-representation-joins-cumming-group,,,,,,,,,,,,,,,,,,,,,,,,,
63590,2024-01-11,"Life Cycle Costing Training",life-cycle-costing-training,,,,,,,,,,,,,,,,,,,,,,,,,
63570,2024-01-05,"Emerging from a Recent Pullback, Life Sciences Has a Pulse",emerging-from-a-recent-pullback-life-sciences-has-a-pulse,,,,,,,,,,,,,,,,,,,,,,,,,
63538,2023-12-20,"LA CRE Pros Eagerly Await 2024, Hope For Lower Interest Rates, Distressed Opportunities",la-cre-pros-eagerly-await-2024-hope-for-lower-interest-rates-distressed-opportunities,,,,,,,,,,,,,,,,,,,,,,,,,
63474,2023-12-14,"Market Update: Inflation on Construction Materials",market-update-inflation-on-construction-materials,,,,,,,,,,,,,,,,,,,,,,,,,
56924,2023-12-14,"What Owners & Developers of Light Industrial Facilities Must Consider When Establishing U.S. Plants",what-owners-developers-of-light-industrial-facilities-must-consider-when-establishing-u-s-plants,,,,,,,,,,,,,,,,,,,,,,,,,
63431,2023-12-14,"Can Vail keep the Dobson remodel within its $55 million budget?",can-vail-keep-the-dobson-remodel-within-its-55-million-budget,,,,,,,,,,,,,,,,,,,,,,,,,
63376,2023-12-12,"New student services buildings at MVHS, LAHS finally unveiled",new-student-services-buildings-at-mvhs-lahs-finally-unveiled,,,,,,,,,,,,,,,,,,,,,,,,,
63119,2023-12-06,"A Balancing Act in the Life Sciences Sector",a-balancing-act-in-the-life-sciences-sector,,,,,,,"The Construction Insiders Podcast",1,16,,,life-sciences,,,,,,,,,,,,,
63116,2023-12-05,"Civil Work, Sustainability Lead Seattle Construction Market",civil-work-sustainability-lead-seattle-construction-market,,,,,,,,,,,,,,,,,,,,,,,,,
63113,2023-12-05,"Northglenn Tops Its New City Hall",northglenn-tops-its-new-city-hall,,,,,,,,,,,,,,,,,,,,,,,,,
63108,2023-11-13,"Children's Classic at Perry Park",childrens-classic-at-perry-park,,,,,,,,,,,,,,,,,,,,,,,,,
57488,2023-10-27,"Cumming Group Successfully Completes the Integration of its Florida Operations to Support the Growing Market",cumming-group-successfully-completes-the-integration-of-its-florida-operations-to-support-the-growing-market,,,,,,,,,,,,,,,,,,,,,,,,,
57290,2023-10-25,"Cumming Group’s Los Angeles Office Moves to Accommodate Growth",cumming-groups-los-angeles-office-moves-to-accommodate-growth,,,,,,,,,,,,,,,,,,,,,,,,,
57430,2023-10-23,"Navigating the Data Center Energy Surge: Planning for Resilience and Cost-Efficiency",navigating-the-data-center-energy-surge-planning-for-resilience-and-cost-efficiency,,,,,,,,,,,,,,,energy-sustainability-solutions,,,,,,,,,,
57347,2023-10-11,"New Cumming Bend Office Offers Multiple Construction Management Services",new-cumming-bend-office-offers-multiple-construction-management-services,,,,,,,,,,,,,,,,,,,,,,,,,
63437,2023-10-11,"Market Update: Impact of Regulatory Changes in Construction",market-update-impact-of-regulatory-changes-in-construction-2,,,,,,,,,,,,,,,,,,,,,,,,,
57336,2023-10-10,"A Roadmap for Energy Efficiency in Hospitality: Key Strategies for Hotel Owners to Prioritize Energy Conservation Measures",a-roadmap-for-energy-efficiency-in-hospitality-key-strategies-for-hotel-owners-to-prioritize-energy-conservation-measures,,,,,,,,,,,,hospitality-gaming,,,energy-sustainability-solutions,,,,,,,,,,
57311,2023-10-10,"Meeting the Need for Hotel Space in NYC",meeting-the-need-for-hotel-space-in-nyc,,,,,,,,,,,,hospitality-gaming,,,,,,,,,,,,,
57256,2023-09-28,"Revolutionizing Healthcare Design: Modularization, Prefabrication, and Technology Advancements",revolutionizing-healthcare-design-modularization-prefabrication-and-technology-advancements,,,,,,,"The Construction Insiders Podcast",1,15,,,healthcare,,,,,,,,,,,,,
57258,2023-09-27,"Nashville construction volume expected to fall 20% by end of year, according to Cumming’s report",nashville-construction-volume-expected-to-fall-20-by-end-of-year-according-to-cummings-report,,,,,,,,,,,,,,,,,,,,,,,,,
56939,2023-09-27,"Construction Technology and the Impact on Project Management",construction-technology-and-the-impact-on-project-management,,,,,,,,,,,,,,,,,,,,,,,,,
56935,2023-09-27,"Strategies for Improving Speed to Market & Minimizing Costs on Your Next Healthcare Build",strategies-for-improving-speed-to-market-minimizing-costs-on-your-next-healthcare-build,,,,,,,,,,,,healthcare,,,,,,,,,,,,,
56946,2023-09-15,"Breaking Ground on Hope: Cumming Group Kicks Off Work at New Affordable Housing Community",breaking-ground-on-hope-cumming-group-kicks-off-work-at-new-affordable-housing-community,,,,,,,,,,,,,,,,,,nashville,,,,,,,
56301,2023-08-16,"Building the Digital Frontier: Navigating AI and Technology in the Construction Industry",building-the-digital-frontier-navigating-ai-and-technology-in-the-construction-industry,,,,,,,"The Construction Insiders Podcast",1,14,,,,,,,,,,,,,,,,
55615,2023-07-25,"Cumming Group Announces PCM Acquisition, Expanding Advanced Manufacturing Capabilities",cumming-group-announces-pcm-acquisition-expanding-advanced-manufacturing-capabilities,,,,,,,,,,,,,,,,,,,,,,,,,
55010,2023-06-23,"Dallas-based Gallagher Construction Management Firm joins growing international consultancy as firm continues national expansion",dallas-based-gallagher-construction-management-firm-joins-growing-international-consultancy-as-firm-continues-national-expansion,,,,,,,,,,,,,,,,,,fort-worth,,,,,,,
55005,2023-06-22,"Polcom delivers 15th hotel furniture project for Whitbread’s Hub by Premier brand",polcom-delivers-15th-hotel-furniture-project-for-whitbreads-hub-by-premier-brand,,,,,,,,,,,,hospitality-gaming,,,,,,,,,,,,,
63444,2023-06-21,"Former Grade II* church reopened as ‘state of the art’ business incubator hub for young people.",former-grade-ii-church-reopened-as-state-of-the-art-business-incubator-hub-for-young-people,,,,,,,,,,,,,,,,,,,,,,,,,
54761,2023-06-15,"Regional Differences in K-12 Project Delivery",regional-differences-in-k-12-project-delivery,,,,,,,,,,,,k-12-education,,,,,,,,,,,,,
54644,2023-06-14,"Escalation Update",construction-escalation-trends-2023,,,,,,,,,,,,,,,,,,,,,,,,,
54626,2023-06-06,"Northglenn City Hall in Colorado will be the State’s First Municipal Core Green Building",northglenn-city-hall-in-colorado-will-be-the-states-first-municipal-core-green-building,,,,,,,,,,,,,,,,,,,,,,,,,
54047,2023-05-04,"Hotel Construction Growth 'Leads Post-Pandemic Economic Recovery'",hotel-construction-growth-leads-post-pandemic-economic-recovery,,,,,,,,,,,,,,,,,,,,,,,,,
63459,2023-05-03,"The Lantern announced as ‘Best Commercial Workplace’ at BCO London Awards Lunch",the-lantern-announced-as-best-commercial-workplace-at-bco-london-awards-lunch,,,,,,,,,,,,,,,,,,,,,,,,,
53650,2023-04-18,"Changing Tides in the Life Sciences Sector",changing-tides-in-the-life-sciences-sector,,,,,,,,,,,,life-sciences,,,,,,,,,,,,,
63496,2023-04-18,"Module installation has officially commenced at Greenford Quay Block 8!",module-installation-has-officially-commenced-at-greenford-quay-block-8,,,,,,,,,,,,,,,,,,,,,,,,,
54603,2023-04-18,"High-end community to rebuild clubhouse post-Ian",high-end-community-to-rebuild-clubhouse-post-ian,,,,,,,,,,,,,,,,,,,,,,,,,
53654,2023-04-17,"April 2023 Commodity Report",april-2023-commodity-report,,,,,,,,,,,,,,,,,,,,,,,,,
53125,2023-03-23,"Examining the K-12 Sector",examining-the-k-12-sector-2,,,,,,,"The Construction Insiders Podcast",1,13,,,,,,,,,,,,,,,,
52992,2023-03-20,"March 2023 Commodity Report",march-2023-commodity-report,,,,,,,,,,,,,,,,,,,,,,,,,
52445,2023-02-28,"Miami-Based Amicon Management to Join Growing International Construction Consultancy Cumming Group as the Firm Continues National Expansion",miami-based-amicon-management-to-join-growing-international-construction-consultancy-cumming-group-as-the-firm-continues-national-expansion,,,,,,,,,,,,,,,,,,,,,,,,,
52424,2023-02-28,"Miami-Based Amicon Management to Join Growing International Construction Consultancy Cumming Group as the Firm Continues National Expansion",miami-based-amicon-management-to-join-growing-international-construction-consultancy-cumming-group-as-the-firm-continues-national-expansion-pr,,,,,,,,,,,,,,,,,,,,,,,,,
52359,2023-02-27,"Construction Industry Regional Spotlight: California’s Major Metros",construction-industry-regional-spotlight-californias-major-metros,,,,,,,,,,,,,,,,,,,,,,,,,
63499,2023-02-24,"Construction commences on St Modwen’s sustainable warehouse near Gatwick",construction-commences-on-st-modwens-sustainable-warehouse-near-gatwick,,,,,,,,,,,,,,,,,,,,,,,,,
52256,2023-02-22,"ASHE PDC Summit",ashe-pdc-summit,,,,,,,,,,,,,,,,,,,,,,,,,
63502,2023-02-16,"Clerkenwell hub by Premier Inn has now been successfully completed",clerkenwell-hub-by-premier-inn-has-now-been-successfully-completed,,,,,,,,,,,,,,,,,,,,,,,,,
51960,2023-02-10,"February 2023 Commodity Report",february-2023-commodity-report,,,,,,,,,,,,,,,,,,,,,,,,,
51284,2023-02-10,"How New Infrastructure Funding is Impacting Aviation Project Development",how-new-infrastructure-funding-is-impacting-aviation-project-development,,,,,,,,,,,,transportation,,,energy-sustainability-solutions,,,,,,,,,,
51801,2023-02-07,"ISPE Rocky Mountain Chapter Annual Vendor Show",ispe-rocky-mountain-chapter-annual-vendor-show,,,,,,,,,,,,,,,,,,,,,,,,,
51575,2023-01-25,"2023 Campus Forward Award Honors Cumming’s Recruiting Efforts",2023-campus-forward-award-honors-cummings-recruiting-efforts,,,,,,,,,,,,,,,,,,,,,,,,,
63505,2023-01-23,"Planning Application Submitted for the Redevelopment of Albert Bridge House",planning-application-submitted-for-the-redevelopment-of-albert-bridge-house,,,,,,,,,,,,,,,,,,,,,,,,,
63508,2023-01-20,"Planning permission secured on Jadebricks’ aparthotel ‘Larard’s Still’ in Manchester",planning-permission-secured-on-jadebricks-aparthotel-larards-still-in-manchester,,,,,,,,,,,,,,,,,,,,,,,,,
51197,2023-01-13,"BEHIND THE CURTAIN - A look into how the new, $22M Diamond Head Theatre came to be",behind-the-curtain-a-look-into-how-the-new-22m-diamond-head-theatre-came-to-be,,,,,,,,,,,,,,,,,,,,,,,,,
63511,2023-01-13,"Nottingham’s Island Quarter reaches milestone as works start on 693-bed PBSA",nottinghams-island-quarter-reaches-milestone-as-works-start-on-693-bed-pbsa,,,,,,,,,,,,,,,,,,,,,,,,,
51154,2023-01-12,"Fort Point and Cumming Demonstrate Strong Momentum and Expanded Capabilities Post-Merger",fort-point-and-cumming-demonstrate-strong-momentum-and-expanded-capabilities-post-merger,,,,,,,,,,,,,,,,,,boston,,,,,,,
50858,2023-01-06,"Steel Prices",steel-prices-2023-january,,,,,,,,,,,,,,,,,,,,,,,,,
49998,2022-12-07,"Today's Impact on Higher Education Construction",todays-impact-on-higher-education-construction,,,,,,,"The Construction Insiders Podcast",1,12,,,higher-education,,,,,,boston,,,,,,,
49563,2022-11-18,"Education construction specialists RGMK merging with the Cumming Group",education-construction-specialists-rgmk-merging-with-the-cumming-group,,,,,,,,,,,,,,,,,,,,,,,,,
49291,2022-11-08,"Pandemic-Era Construction Pricing Challenges 'Far from Over'",pandemic-era-construction-pricing-challenges-far-from-over,,,,,,,,,,,,,,,,,,,,,,,,,
48652,2022-10-08,"Treating the Pandemic’s Shadow: How will the Future of California Health Policy affect Healthcare Design & Construction?",treating-the-pandemics-shadow-how-will-the-future-of-california-health-policy-affect-healthcare-design-construction,,,,,,,"AIA California Healthcare Facilities Forum",,4,,,,,,,,,,,,,,,,
48650,2022-10-07,"Navigating Healthcare Expansions & Renovations in an Academic Medical Center Environment",navigating-healthcare-expansions-renovations-in-an-academic-medical-center-environment,,,,,,,"AIA California Healthcare Facilities Forum",,3,,,,,,,,,,,,,,,,
48648,2022-10-06,"Building for Adaptability: How UC Davis Health is Future Proofing the Hub & Spoke Healthcare Model",building-for-adaptability-how-uc-davis-health-is-future-proofing-the-hub-spoke-healthcare-model,,,,,,,"AIA California Healthcare Facilities Forum",,2,,,,,,,,,,,,,,,,
48655,2022-10-05,"Innovating Healthcare Delivery Models: How UCI is Building the Smart Hospital of the Future",innovating-healthcare-delivery-models-how-uci-is-building-the-smart-hospital-of-the-future,,,,,,,"AIA California Healthcare Facilities Forum",,1,,,,,,,,,,,,,,,,
53527,2022-09-27,"AIA California Healthcare Facilities Forum Podcast Series",post-aia-california-healthcare-facilities-forum-podcast-series,,,,,,,,,,,,healthcare,,,,,,,,,,,,,
48409,2022-09-19,"A singular home for a Wilsonville city department",a-singular-home-for-a-wilsonville-city-department,,,,,,,,,,,,,,,,,,,,,,,,,
48031,2022-08-22,"Stoney Field renovations complete in time for 2022-2023 school year",stoney-field-renovations-complete-in-time-for-2022-2023-school-year,,,,,,,,,,,,,,,,,,,,,,,,,
47982,2022-08-17,"Historic Grade II-listed Granary Building on Canal Wharf, Leeds set for new lease of life",historic-grade-ii-listed-granary-building-on-canal-wharf-leeds-set-for-new-lease-of-life,,,,,,,,,,,,,,,,,,,,,,,,,
47812,2022-08-10,"How a recession may change employment outlook for labor-starved construction sector",how-a-recession-may-change-employment-outlook-for-labor-starved-construction-sector,,,,,,,,,,,,,,,,,,,,,,,,,
47778,2022-08-08,"Dr. Dre speaks at Compton High School's $200M campus groundbreaking: 'This city is special'",dr-dre-speaks-at-compton-high-schools-200m-campus-groundbreaking-this-city-is-special,,,,,,,,,,,,,,,,,,,,,,,,,
47679,2022-08-03,"TSK Celebrates O’Brien Middle School Redesign Ribbon Cutting in Partnership With Cumming Group",tsk-celebrates-obrien-middle-school-redesign-ribbon-cutting-in-partnership-with-cumming-group,,,,,,,,,,,,k-12-education,,,,,,,,,,,,,
47600,2022-07-28,"Contracts and Risk Mitigation in Today’s Changing Construction Landscape",contracts-and-risk-mitigation-in-todays-changing-construction-landscape,,,,,,,"The Construction Insiders Podcast",1,11,,,,,,,,,boston,,,,,,,
47500,2022-07-25,"Friend Health’s Woodlawn Center Opens This Month, Bringing Family, Behavioral, Women’s Health To ‘Underserved’ Area",friend-healths-woodlawn-center-opens-this-month-bringing-family-behavioral-womens-health-to-underserved-area,,,,,,,,,,,,,,,,,,,,,,,,,
47385,2022-07-18,"Construction begins on South L.A. mixed-use development Evermont",construction-begins-on-south-l-a-mixed-use-development-evermont,,,,,,,,,,,,,,,,,,,,,,,,,
47365,2022-07-18,"Portland-based PlanB Consultancy and Inici Group Complete their Phased Mergers with Cumming",portland-based-planb-consultancy-and-inici-group-complete-their-phased-mergers-with-cumming,,,,,,,,,,,,,,,,,,,,,,,,,
47288,2022-07-12,"Another Wave of Shipping and Supply Chain Challenges is On the Way",another-wave-of-shipping-and-supply-chain-challenges-is-on-the-way,,,,,,,,,,,,,,,,,,,,,,,,,
47254,2022-07-11,"$400M Snoqualmie Casino Expansion Project Begins; Local Contractors Needed",400m-snoqualmie-casino-expansion-project-begins-local-contractors-needed,,,,,,,,,,,,themed-entertainment,,,,,,,,,,,,,
46986,2022-06-15,"Children’s Classic Honoree",childrens-classic-honoree,,,,,,,,,,,,,,,,,,,,,,,,,
46517,2022-06-03,"New Rehabilitation Hospital Opens In Tustin",new-rehabilitation-hospital-opens-in-tustin,,,,,,,,,,,,healthcare,,,,,,,,,,,,,
46387,2022-05-26,"PGE state-of-the art Integrated Operations Center opens in Tualatin",pge-state-of-the-art-integrated-operations-center-opens-in-tualatin,,,,,,,,,,,,,,,,,,,,,,,,,
46166,2022-05-17,"Designing Offices Post-Covid to Meet the Remote-Working Trend",designing-offices-post-covid-to-meet-the-remote-working-trend,,,,,,,,,,,,,,,,,,,,,,,,,
46149,2022-05-17,"Charleston’s African American Museum may open in early 2023 instead of late ’22",charlestons-african-american-museum-may-open-in-early-2023-instead-of-late-22,,,,,,,,,,,,,,,,,,,,,,,,,
46044,2022-05-06,"Seattle airport goes green with stunning timber expansion",seattle-airport-goes-green-with-stunning-timber-expansion,,,,,,,,,,,,,,,,,,,,,,,,,
46022,2022-04-22,"Zinc Price Updates",zinc-price-updates,,,,,,,,,,,,,,,,,,,,,,,,,
45624,2022-04-21,"Blackstone Plants Its Flag in Boulder, Colo., an Emerging Biotech Hub",blackstone-plants-its-flag-in-boulder-colo-an-emerging-biotech-hub,,,,,,,,,,,,,,,,,,,,,,,,,
45129,2022-03-18,"Update on Lumber",update-on-lumber,,,,,,,,,,,,,,,,,,,,,,,,,
45048,2022-03-16,"After three years, the Battle of the Biotech Bands is returning",after-three-years-the-battle-of-the-biotech-bands-is-returning-2,,,,,,,,,,,,,,,,,,,,,,,,,
45007,2022-03-14,"Update on the Russia-Ukraine War",update-on-the-russia-ukraine-war,,,,,,,,,,,,,,,,,,,,,,,,,
44985,2022-03-11,"OLCC to leave Portland for new headquarters in nearby town",olcc-to-leave-portland-for-new-headquarters-in-nearby-town,,,,,,,,,,,,,,,,,,,,,,,,,
44888,2022-03-09,"Aluminum Update",aluminum-update,,,,,,,,,,,,,,,,,,,,,,,,,
44878,2022-03-08,"NOW OPEN: Four Seasons Hotel and Residences Fort Lauderdale Steers a New Course in One of America's Favourite Sun Destinations",now-open-four-seasons-hotel-and-residences-fort-lauderdale-steers-a-new-course-in-one-of-americas-favourite-sun-destinations,,,,,,,,,,,,,,,,,,,,,,,,,
44846,2022-03-07,"Inflation, material delays, labor issues: Pros face a trifecta of pricing woes",inflation-material-delays-labor-issues-pros-face-a-trifecta-of-pricing-woes,,,,,,,,,,,,,,,,,,,,,,,,,
44816,2022-03-04,"Construction Begins On New Living Center At One Wartburg Place",construction-begins-on-new-living-center-at-one-wartburg-place,,,,,,,,,,,,healthcare,,,,,,,,,,,,,
44790,2022-03-02,"Journey to Net Zero",journey-to-net-zero,,,,,,,,,,,,,,,energy-sustainability-solutions,,,,,,,,,,
44786,2022-02-26,"Soho House Nashville opens in Music City hosiery factory",soho-house-nashville-opens-in-music-city-hosiery-factory,,,,,,,,,,,,,,,,,,,,,,,,,
44517,2022-02-18,"Cement & Concrete Updates",cement-concrete-updates,,,,,,,,,,,,,,,,,,,,,,,,,
44474,2022-02-15,"Setbacks unlikely to stop commercial construction boom in DFW",setbacks-unlikely-to-stop-commercial-construction-boom-in-dfw,,,,,,,,,,,,,,,,,,,,,,,,,
44571,2022-02-14,"Cumming Group Doubles Down in Washington D.C., Brings Over New Leadership in Strategic Move to Drive Growth",cumming-group-doubles-down-in-washington-d-c-brings-over-new-leadership-in-strategic-move-to-drive-growth,,,,,,,,,,,,,,,,,,,,,,,,,
44201,2022-02-02,"Sector Focus: Life Science Development Boom",sector-focus-life-science-development-boom,,,,,,,"The Construction Insiders Podcast",1,10,,,life-sciences,,,,,,boston,,,,,,,
44167,2022-01-31,"U.S. Construction Market Overview",u-s-construction-market-overview,,,,,,,,,,,,,,,,,,,,,,,,,
44117,2022-01-28,"Seattle-based global construction consultancy names new board chairman",seattle-based-global-construction-consultancy-names-new-board-chairman,,,,,,,,,,,,,,,,,,,,,,,,,
44068,2022-01-26,"As Infrastructure Money Pours In, Construction Companies Prepare To Deal With Unintended Consequences",as-infrastructure-money-pours-in-construction-companies-prepare-to-deal-with-unintended-consequences,,,,,,,,,,,,,,,,,,,,,,,,,
44033,2022-01-24,"Brand overview: Moxy set to make a big impression in Europe",brand-overview-moxy-set-to-make-a-big-impression-in-europe,,,,,,,,,,,,,,,,,,,,,,,,,
43987,2022-01-21,"Report: Construction Costs Will Likely Begin to Stabilize in 2022",report-construction-costs-will-likely-begin-to-stabilize-in-2022,,,,,,,,,,,,,,,,,,,,,,,,,
43944,2022-01-20,"President Biden's First Year In Office For CRE: Infrastructure, But Not Much Else",president-bidens-first-year-in-office-for-cre-infrastructure-but-not-much-else,,,,,,,,,,,,,,,,,,,,,,,,,
43886,2022-01-18,"Avoiding Surprises When Master Planning Mixed-Use Hospitality Projects",avoiding-surprises-when-master-planning-mixed-use-hospitality-projects,,,,,,,,,,,,hospitality-gaming,,,,,,,,,,,,,
43862,2022-01-18,"Dfw Brokers, Developers and Contractors Believe Commercial Real Estate Is Poised for Another Strong Year",dfw-brokers-developers-and-contractors-believe-commercial-real-estate-is-poised-for-another-strong-year,,,,,,,,,,,,,,,,,,,,,,,,,
43851,2022-01-18,"U.S. Construction Market Recap for 2021",u-s-construction-market-recap-for-2021,,,,,,,,,,,,,,,,,,,,,,,,,
43811,2022-01-14,"Oregon City completes construction of $12.8M Operations Center",oregon-city-completes-construction-of-12-8m-operations-center,,,,,,,,,,,,,,,,,,,,,,,,,
43741,2022-01-12,"Dr. Hisham Mahmoud Appointed Chairman of the Board of Cumming Group",dr-hisham-mahmoud-appointed-chairman-of-the-board-of-cumming-group,,,,,,,,,,,,,,,,,,,,,,,,,
43721,2022-01-11,"Chicago Construction Market Recap",chicago-construction-market-recap,,,,,,,,,,,,,,,,,,chicago,,,,,,,
43601,2022-01-04,"What is ESG Performance and Why is it Important?",what-is-esg-performance-and-why-is-it-important,,,,,,,,,,,,,,,energy-sustainability-solutions,,,,,,,,,,
43581,2022-01-03,"Seattle Team Has A New Address To Call Home",seattle-team-has-a-new-address-to-call-home,,,,,,,,,,,,,,,,,,,,,,,,,
43055,2021-12-07,"Breaking Down COP26",breaking-down-cop26,,,,,,,,,,,,,,,,,,,,,,,,,
43046,2021-12-06,"Test Post",test-post,,,,,,,,,,,,,,,,,,,,,,,,,
42893,2021-11-30,"Cumming Opens a New Office in Washington",cumming-opens-a-new-office-in-washington,,,,,,,,,,,,,,,,,,,,,,,,,
43441,2021-11-30,"Construction Labor Market Outlook",construction-labor-market-outlook,,,,,,,,,,,,,,,,,,,,,,,,,
42641,2021-11-30,"San Diego on the Rise: Breaking Down the Future State of America’s Finest City",san-diego-on-the-rise-breaking-down-the-future-state-of-americas-finest-city,,,,,,,"The Construction Insiders Podcast",1,9,,,,,,,,,san-diego,,,,,,,
42874,2021-11-29,"Space Inventory in the Life Science Sector",space-inventory-in-the-life-science-sector,,,,,,,,,,,,life-sciences,,,,,,boston,,,,,,,
42731,2021-11-18,"How CalSHAPE Affects Your K-12 School",how-calshape-affects-your-k-12-school,,,,,,,,,,,,k-12-education,,,,,,aliso-viejo,los-angeles,murrieta,oakland,,,,
42724,2021-11-18,"Renovation of Two Local Theaters Now Complete",renovation-of-two-local-theaters-now-complete,,,,,,,,,,,,,,,,,,,,,,,,,
42688,2021-11-17,"Cumming Group Announces Growth Partnership with New Mountain Capital",cumming-group-announces-growth-partnership-with-new-mountain-capital,,,,,,,,,,,,,,,,,,,,,,,,,
42580,2021-11-09,"The Healthcare Sector Pre- and Post-COVID-19",the-healthcare-sector-pre-and-post-covid-19-linkedin,,,,,,,,,,,,,,,,,,,,,,,,,
42519,2021-11-05,"Green Shoots of Recovery in the Themed Entertainment Sector",green-shoots-of-recovery-in-the-themed-entertainment-sector,,,,,,,,,,,,themed-entertainment,,,,,,los-angeles,,,,,,,
42382,2021-10-29,"High Demand Bolsters Construction",high-demand-bolsters-construction,,,,,,,,,,,,,,,,,,,,,,,,,
42250,2021-10-21,"Northglenn Recreation Center is Ready for Action",northglenn-recreation-center-is-ready-for-action,,,,,,,,,,,,,,,,,,,,,,,,,
42182,2021-10-18,"Post-COVID Lead Times",post-covid-lead-times,,,,,,,,,,,,,,,,,,,,,,,,,
42081,2021-10-07,"The Healthcare Sector Pre- and Post-COVID-19",the-healthcare-sector-pre-and-post-covid-19-2,,,,,,,,,,,,healthcare,,,,,,,,,,,,,
41985,2021-09-29,"The Higher Education Sector",the-higher-education-sector,,,,,,,,,,,,higher-education,,,,,,,,,,,,,
41947,2021-09-27,"Not Your Parents’ Las Vegas",not-your-parents-las-vegas,,,,,,,,,,,,,,,,,,las-vegas,,,,,,,
41908,2021-09-23,"Dublin-Based Scollard Doyle Merges With Cumming",dublin-based-scollard-doyle-merges-with-cumming,,,,,,,,,,,,,,,,,,,,,,,,,
41897,2021-09-23,"International Construction Consultancy Announces The Merger Of Dublin-Based Scollard Doyle",international-construction-consultancy-announces-the-merger-of-dublin-based-scollard-doyle,,,,,,,,,,,,,,,,,,,,,,,,,
41866,2021-09-20,"Oregon Community College Unveils Major Expansion",oregon-community-college-unveils-major-expansion,,,,,,,,,,,,higher-education,,,,,,,,,,,,,
41845,2021-09-16,"Doors opened in time for in-person school at Dale Jr. High School",doors-opened-in-time-for-in-person-school-at-dale-jr-high-school,,,,,,,,,,,,k-12-education,,,,,,,,,,,,,
41841,2021-09-16,"Contractors find new ways to cope with elevated lumber prices",contractors-find-new-ways-to-cope-with-elevated-lumber-prices,,,,,,,,,,,,,,,,,,,,,,,,,
41789,2021-09-15,"Zinc Pricing Updates",zinc-pricing-updates,,,,,,,,,,,,,,,,,,,,,,,,,
41785,2021-09-15,"A Macroeconomic Analysis of  Commodity Prices During the  COVID-19 Pandemic",a-macroeconomic-analysis-of-commodity-prices-during-the-covid-19-pandemic,,,,,,,,,,,,,,,,,,,,,,,,,
41695,2021-09-07,"Cumming’s Lisa Sachs Named CMAA’s 2021 Person of the Year",cummings-lisa-sachs-named-cmaas-2021-person-of-the-year,,,,,,,,,,,,,,,,,,,,,,,,,
41620,2021-09-03,"‘Explosive economy:’ Orlando ranks No. 2 city for construction businesses",explosive-economy-orlando-ranks-no-2-city-for-construction-businesses,,,,,,,,,,,,,,,,,,,,,,,,,
41611,2021-09-02,"Cumming Opens a New Office in Colorado",cumming-opens-a-new-office-in-colorado,,,,,,,,,,,,,,,,,,,,,,,,,
41596,2021-09-01,"As lumber prices fall, labor shortages remain a construction dilemma",as-lumber-prices-fall-labor-shortages-remain-a-construction-dilemma,,,,,,,,,,,,,,,,,,,,,,,,,
41466,2021-08-19,"Economic Development: Groundbreaking in Scappoose",economic-development-groundbreaking-in-scappoose,,,,,,,,,,,,,,,,,,,,,,,,,
41439,2021-08-18,"Steel Price Updates",steel-price-updates,,,,,,,,,,,,,,,,,,,,,,,,,
41423,2021-08-17,"Laurel Dell Elementary School, San Rafael is a Top Real Estate Project Award winner",laurel-dell-elementary-school-san-rafael-is-a-top-real-estate-project-award-winner,,,,,,,,,,,,,,,,,,,,,,,,,
41420,2021-08-17,"San Rafael’s Davidson Middle School science building wins North Bay top project award",san-rafaels-davidson-middle-school-science-building-wins-north-bay-top-project-award,,,,,,,,,,,,,,,,,,,,,,,,,
41330,2021-08-13,"PJ Cleary",pj-cleary,,,,,,,,,,,,,,,,,,,,,,,,,
41302,2021-08-11,"Thompson Hollywood Debuts In The Heart Of Los Angeles",thompson-hollywood-debuts-in-the-heart-of-los-angeles,,,,,,,,,,,,,,,,,,,,,,,,,
41269,2021-08-09,"Top 5 Cities For Construction Workers In 2021",top-5-cities-for-construction-workers-in-2021,,,,,,,,,,,,,,,,,,,,,,,,,
41190,2021-07-28,"The Continuing Effects of  the COVID-19 Pandemic on  the Global Supply Chain",the-continuing-effects-of-the-covid-19-pandemic-on-the-global-supply-chain,,,,,,,,,,,,,,,,,,,,,,,,,
41081,2021-07-21,"Pete Matthews",pete-matthews,,,,,,,,,,,,,,,,,,,,,,,,,
41074,2021-07-21,"Matt Murphy, Co-op",matt-murphy,,,,,,,,,,,,,,,,,,,,,,,,,
41073,2021-07-21,"Luke Picotte",luke-picotte,,,,,,,,,,,,,,,,,,,,,,,,,
41029,2021-07-21,"Ashley Coy",ashley-coy,,,,,,,,,,,,,,,,,,,,,,,,,
41009,2021-07-21,"Performing As-Built  Documentation Reviews and Field  Audits to Prevent Downtime in  Data Center Facilities",performing-as-built-documentation-reviews-and-field-audits-to-prevent-downtime-in-data-center-facilities-1,,,,,,,,,,,,,,,,,,,,,,,,,
40929,2021-07-15,"Oliver Steeves",oliver-steeves-2,,,,,,,,,,,,,,,,,,,,,,,,,
40928,2021-07-15,"Emily Goldberg",emily-goldberg,,,,,,,,,,,,,,,,,,,,,,,,,
40927,2021-07-15,"Rob Magnano",rob-magnano,,,,,,,,,,,,,,,,,,,,,,,,,
40926,2021-07-15,"Ashley Gafar",ashley-gafar,,,,,,,,,,,,,,,,,,,,,,,,,
40925,2021-07-15,"Carlye Cunningham",carlye-cunningham,,,,,,,,,,,,,,,,,,,,,,,,,
40924,2021-07-15,"Ben Dunn",ben-dunn,,,,,,,,,,,,,,,,,,,,,,,,,
40910,2021-07-15,"Working as a Contracts Manager/ San Francisco, CA",working-as-a-contracts-manager-san-francisco-ca,,,,,,,,,,,,,,,,,,,,,,,,,
40792,2021-07-09,"Construction complete on new HQ for Beyond Meat, L’Oréal USA",construction-complete-on-new-hq-for-beyond-meat-loreal-usa,,,,,,,,,,,,,,,,,,,,,,,,,
40784,2021-07-07,"SCL Health Breaks Ground On Facility To Replace Lutheran Medical Center At Clear Creek Crossing",scl-health-breaks-ground-on-facility-to-replace-lutheran-medical-center-at-clear-creek-crossing-2,,,,,,,,,,,,,,,,,,,,,,,,,
40781,2021-07-07,"Sheraton Park Hotel at the Anaheim Resort Begins Renovation",sheraton-park-hotel-at-the-anaheim-resort-begins-renovation,,,,,,,,,,,,,,,,,,,,,,,,,
40776,2021-07-07,"Construction Consultancy Announces Merger",construction-consultancy-announces-merger,,,,,,,,,,,,,,,,,,,,,,,,,
40773,2021-07-07,"These are FDOT’s biggest roadway projects slated for Lake County",these-are-fdots-biggest-roadway-projects-slated-for-lake-county,,,,,,,,,,,,,,,,,,,,,,,,,
40770,2021-07-07,"Phoenix named among top markets for construction workers",phoenix-named-among-top-markets-for-construction-workers,,,,,,,,,,,,,,,,,,,,,,,,,
40740,2021-07-07,"Lumber Price Updates",lumber-price-updates,,,,,,,,,,,,,,,,,,chicago,,,,,,,
40724,2021-07-06,"Concrete Price Updates",concrete-price-updates,,,,,,,,,,,,,,,,,,,,,,,,,
40670,2021-06-30,"The Merging of Three Complementary Brands",the-merging-of-three-complementary-brands,,,,,,,,,,,,,,,,,,,,,,,,,
40404,2021-05-12,"Governor Cuomo Announces Completed Construction of the Javits Center Expansion",governor-cuomo-announces-completed-construction-of-the-javits-center-expansion,,,,,,,,,,,,,,,,,,,,,,,,,
40266,2021-04-30,"GeneThera Enters Into A Collaboration Agreement With An International Construction Advisor Company To Build A Network Of Zoonotic Diseases Laboratory Facilities",genethera-enters-into-a-collaboration-agreement-with-an-international-construction-advisor-company-to-build-a-network-of-zoonotic-diseases-laboratory-facilities,,,,,,,,,,,,,,,,,,,,,,,,,
40250,2021-04-29,"Nashville Ranks Tenth Best City For Construction Workers, More Skilled Laborers Needed",nashville-ranks-tenth-best-city-for-construction-workers-more-skilled-laborers-needed,,,,,,,,,,,,,,,,,,,,,,,,,
40117,2021-04-19,"Construction in LA to Tick Up 2.9 Percent This Year",construction-in-la-to-tick-up-2-9-percent-this-year,,,,,,,,,,,,,,,,,,,,,,,,,
40063,2021-04-16,"The 12 most expensive US cities for construction",the-12-most-expensive-us-cities-for-construction,,,,,,,,,,,,,,,,,,,,,,,,,
39654,2021-04-09,"Boston’s Fort Point Project Management Merges with Cumming",bostons-fort-point-project-management-merges-with-cumming,,,,,,,,,,,,,,,,,,,,,,,,,
39389,2021-03-22,"Introduction to HVAC Systems (1 LU)",aia-introduction-to-hvac-systems,,,,,,,,,,,,,,,,,,,,,,,,,
39296,2021-03-10,"Global construction consultant moves headquarters to Seattle",global-construction-consultant-moves-headquarters-to-seattle,,,,,,,,,,,,,,,,,,,,,,,,,
39160,2021-03-10,"Quarterly Construction Market Analysis (1 LU)",aia-quarterly-construction-market-analysis,,,,,,,,,,,,,,,,,,,,,,,,,
39162,2021-03-10,"Cost Approaches in the US and UK (1 LU)",rics-cost-approaches-in-the-us-and-uk,,,,,,,,,,,,,,,,,,,,,,,,,
39158,2021-03-10,"Benchmarking (1 LU)",rics-course-benchmarking,,,,,,,,,,,,,,,,,,,,,,,,,
39164,2021-03-10,"Approach to Unit Pricing (1 LU)",rics-approach-to-unit-pricing,,,,,,,,,,,,,,,,,,,,,,,,,
39167,2021-03-05,"Exclusive: Seattle firm Cumming acquires Portland-based Inici Group",exclusive-seattle-firm-cumming-acquires-portland-based-inici-group,,,,,,,,,,,,,,,,,,,,,,,,,
39155,2021-03-03,"Labor Costs Will Keep Rising As Construction Industry Bounces Back, Reports Predict",labor-costs-will-keep-rising-as-construction-industry-bounces-back-reports-predict,,,,,,,,,,,,,,,,,,,,,,,,,
39055,2021-02-23,"New five-star Hotel Barriere Le Fouquet planned for New York's Tribeca",new-five-star-hotel-barriere-le-fouquet-planned-for-new-yorks-tribeca,,,,,,,,,,,,,,,,,,,,,,,,,
39018,2021-02-18,"Skyrocketing steel, lumber costs threaten to slow construction jobs",skyrocketing-steel-lumber-costs-threaten-to-slow-construction-jobs,,,,,,,,,,,,,,,,,,,,,,,,,
38946,2021-02-10,"Sustainability in the Hospitality Sector",sustainability-in-the-hospitality-sector,,,,,,,,,,,,,,,,,,,,,,,,,
38933,2021-02-09,"North Carolina contractors brace for another rough year as NCDOT concerns remain",north-carolina-contractors-brace-for-another-rough-year-as-ncdot-concerns-remain,,,,,,,,,,,,,,,,,,,,,,,,,
38522,2021-01-05,"Growth Transition Celebration: CapEX Cumming",capex-cumming-completes-its-brand-transition-to-cumming,,,,,,,,,,,,,,,,,,,,,,,,,
38519,2021-01-05,"Growth Transition Celebration: Project One Cumming",project-one-cumming-completes-its-brand-transition-to-cumming,,,,,,,,,,,,,,,,,,,,,,,,,
38577,2021-01-05,"African American Museum Project Treads Lightly on Historic Site",african-american-museum-project-treads-lightly-on-historic-site,,,,,,,,,,,,,,,,,,,,,,,,,
38510,2021-01-05,"The Future of the Hospitality Market",the-future-of-the-hospitality-market,,,,,,,,,,,,,,,,,,,,,,,,,
38494,2021-01-04,"Best New Hotel (2020) Grand Hyatt Nashville named Best New Hotel",best-new-hotel-2020-grand-hyatt-nashville-named-best-new-hotel,,,,,,,,,,,,,,,,,,,,,,,,,
38294,2020-12-15,"International Construction Consultancy Announces New COO to Finalize Executive Changes",international-construction-consultancy-announces-new-coo-to-finalize-executive-changes,,,,,,,,,,,,,,,,,,,,,,,,,
38265,2020-12-11,"The Past, Present, and Future of the Nashville Market",the-past-present-and-future-of-the-nashville-market,,,,,,,"The Construction Insiders Podcast",1,8,,,,,,,,,nashville,,,,,,,
38242,2020-12-08,"Bergen County gets OK for $150M borrowing plan. Here's what it will include",bergen-county-gets-ok-for-150m,,,,,,,,,,,,,,,,,,,,,,,,,
38159,2020-12-03,"805 Lea tops out in SoBro",805-lea-tops-out-in-sobro,,,,,,,,,,,,,,,,,,,,,,,,,
38065,2020-11-30,"Innovation Through Engineering: Improving Healthcare Building Systems",innovation-through-engineering-improving-healthcare-building-systems,,,,,,,"The Construction Insiders Podcast",1,7,,,healthcare,,,,,,,,,,,,,
37897,2020-11-16,"Diamond Head Theatre redevelopment begins",diamond-head-theatre-redevelopment-begins,,,,,,,,,,,,,,,,,,,,,,,,,
37891,2020-11-16,"The Role of a Program Management Office in Project Portfolio Success",the-role-of-a-program-management-office-in-project-portfolio-success,,,,,,,,,,,,,,,,,,,,,,,,,
37885,2020-11-13,"Building up the construction industry: 2020 in review",building-up-the-construction-industry-2020-in-review,,,,,,,,,,,,,,,,,,,,,,,,,
37831,2020-11-10,"A Guide to Performing Facility Condition Assessments",a-guide-to-performing-facility-condition-assessments,,,,,,,,,,,,,,,,,,,,,,,,,
37767,2020-10-29,"10 development projects reshaping downtown Nashville",10-development-projects-reshaping-downtown-nashville,,,,,,,,,,,,,,,,,,,,,,,,,
37665,2020-10-27,"New York Trying to Find Labor and Construction Volume Balance",new-york-trying-to-find-labor-and-construction-volume-balance,,,,,,,,,,,,,,,,,,,,,,,,,
37549,2020-10-21,"7 coronavirus-related construction challenges that will continue in 2021",7-coronavirus-related-construction-challenges-that-will-continue-in-2021,,,,,,,,,,,,,,,,,,,,,,,,,
37521,2020-10-12,"Nashville construction market sees only small decline compared to rest of nation",nashville-construction-market-sees-only-small-decline-compared-to-rest-of-nation,,,,,,,,,,,,,,,,,,,,,,,,,
37269,2020-09-29,"ENR Midwest Selects 32 Best Project Winners for 2020",enr-midwest-selects-32-best-project-winners-for-2020,,,,,,,,,,,,,,,,,,chicago,,,,,,,
37268,2020-09-29,"Best Projects 2020: ENR New York's Winners Unveiled",best-projects-2020-enr-new-yorks-winners-unveiled,,,,,,,,,,,,,,,,,,,,,,,,,
37264,2020-09-29,"ENR CA Announces 2020 Regional Best Project Winners",enr-ca-announces-2020-regional-best-project-winners,,,,,,,,,,,,,,,,,,,,,,,,,
37221,2020-09-22,"New stadium is a welcomed change for four North Charleston high schools",new-stadium-is-a-welcomed-change-for-four-north-charleston-high-schools,,,,,,,,,,,,,,,,,,,,,,,,,
37198,2020-09-21,"New Generation of Airports Starting to Take Off as the Industry Exits Turbulence",new-generation-of-airports-starting-to-take-off-as-the-industry-exits-turbulence,,,,,,,,,,,,,,,,,,,,,,,,,
37169,2020-09-18,"By the numbers: A snapshot of Chicago’s economy six months into the pandemic",by-the-numbers-a-snapshot-of-chicagos-economy-six-months-into-the-pandemic,,,,,,,,,,,,,,,,,,chicago,,,,,,,
37098,2020-09-11,"Deal Dash commercial real estate roundup",deal-dash-commercial-real-estate-roundup-weho-timber-building-reaches-peak-tiaa-pension-fund-snags-cool-springs-apartments-brentwood-office-complex-hits-the-market,,,,,,,,,,,,,,,,,,chicago,,,,,,,
37050,2020-09-10,"Spruce Goose Historic Renovation",spruce-goose-historic-renovation,,,,,,,,,,,,,,,,,,,,,,,,,
37361,2020-09-09,"Nashville Warehouse Co. Development Topped Out Unique Mass Timber Office Building on Schedule",nashville-warehouse-co-development-topped-out-unique-mass-timber-office-building-on-schedule,,,,,,,,,,,,,,,,,,,,,,,,,
36956,2020-09-02,"1st look at new CCSD stadium for North Charleston schools",1st-look-at-new-ccsd-stadium-for-north-charleston-schools,,,,,,,,,,,,,,,,,,,,,,,,,
36933,2020-09-01,"In Coming Wave of Pandemic-Induced Vacancies, Some See Opportunity",in-coming-wave-of-pandemic-induced-vacancies-some-see-opportunity,,,,,,,,,,,,,,,,,,,,,,,,,
36928,2020-08-31,"An inside look at Mount Pleasant’s soon-to-be-opened Lucy Beckham High School",an-inside-look-at-mount-pleasants-soon-to-be-opened-lucy-beckham-high-school,,,,,,,,,,,,,,,,,,,,,,,,,
37359,2020-08-26,"Kings Town Elementary School Completes Construction in Time for First Class of Students Next Week",kings-town-elementary-school-completes-construction-in-time-for-first-class-of-students-next-week,,,,,,,,,,,,k-12-education,,,,,,,,,,,,,
37358,2020-08-21,"Lucy Beckham High School to Be Completed on Time, Ready for First Class of Students",lucy-beckham-high-school-to-be-completed-on-time-ready-for-first-class-of-students,,,,,,,,,,,,k-12-education,,,,,,,,,,,,,
36953,2020-08-17,"How the Construction Industry Is Adapting to the New Normal",how-the-construction-industry-is-adapting-to-the-new-normal,,,,,,,,,,,,,,,,,,,,,,,,,
36803,2020-08-13,"VP in Construction Management Joins Metro YMCAs Board",vp-in-construction-management-joins-metro-ymcas-board,,,,,,,,,,,,,,,,,,,,,,,,,
36684,2020-08-11,"Yuma School District-1 Continues to Navigate Summer Construction Projects, First Project at Middle School Set for August Completion",yuma-school-district-1-continues-to-navigate-summer-construction-projects-first-project-at-middle-school-set-for-august-completion,,,,,,,,,,,,k-12-education,,,,,,,,,,,,,
36600,2020-08-04,"Images released for boutique hotel eyed for downtown",images-released-for-boutique-hotel-eyed-for-downtown,,,,,,,,,,,,,,,,,,,,,,,,,
36668,2020-07-20,"The Higher Education Sector – What Comes After COVID-19?",the-higher-education-sector-what-comes-after-covid-19,,,,,,,,,,,,,,,,,,chicago,,,,,,,
36457,2020-07-13,"Lake Oswego construction consultancy merges with California-based firm",lake-oswego-construction-consultancy-merges-with-california-based-firm,,,,,,,,,,,,,,,,,,,,,,,,,
36445,2020-07-13,"Portland-based PlanB Consultancy Joins Cumming",portland-based-planb-consultancy-joins-cumming,,,,,,,,,,,,,,,,,,,,,,,,,
55039,2020-07-13,"Oregon-Based PlanB Consultancy Merges with International Project and Construction Cost Firm as It Continues to Expand",oregon-based-planb-consultancy-merges-with-international-project-and-construction-cost-firm-as-it-continues-to-expand,,,,,,,,,,,,,,,,,,,,,,,,,
36429,2020-07-10,"International African American Museum reaches topping-out milestone",international-african-american-museum-reaches-topping-out-milestone,,,,,,,,,,,,,,,,,,,,,,,,,
36430,2020-07-08,"International African American Museum to Top Out Construction this Week",international-african-american-museum-to-top-out-construction-this-week,,,,,,,,,,,,culture-non-profit,,,,,,,,,,,,,
36362,2020-07-01,"Job sites and workplaces of the future with Lehrer Cumming",job-sites-and-workplaces-of-the-future-with-lehrer-cumming,,,,,,,,,,,,,,,,,,,,,,,,,
36372,2020-06-29,"Long-awaited hotel opening on Music Row this week",long-awaited-hotel-opening-on-music-row-this-week,,,,,,,,,,,,,,,,,,,,,,,,,
36306,2020-06-19,"MUSC Shawn Jenkins Children’s Hospital ranked best in the Southeast",musc-shawn-jenkins-childrens-hospital-ranked-best-in-the-southeast,,,,,,,,,,,,,,,,,,,,,,,,,
36284,2020-06-12,"New Modoc Medical Center on schedule to open in September",new-modoc-medical-center-on-schedule-to-open-in-september,,,,,,,,,,,,,,,,,,,,,,,,,
37365,2020-06-10,"Modoc Medical Center Construction Still on Schedule, Expecting First Patients in September",modoc-medical-center-construction-still-on-schedule-expecting-first-patients-in-september,,,,,,,,,,,,healthcare,,,,,,,,,,,,,
36227,2020-06-08,"Rebuilding process begins at East End United Methodist Church after tornado",rebuilding-process-begins-at-east-end-united-methodist-church-after-tornado,,,,,,,,,,,,,,,,,,,,,,,,,
36231,2020-06-05,"Industry Spotlight: Q&A With Lehrer Cumming’s Gavin Middleton",industry-spotlight-qa-with-lehrer-cummings-gavin-middleton,,,,,,,,,,,,,,,,,,,,,,,,,
36141,2020-05-28,"East End United Methodist Church to Start Rebuilding in 2021",east-end-united-methodist-church-to-start-rebuilding-in-2021,,,,,,,,,,,,,,,,,,,,,,,,,
36116,2020-05-26,"Preparing Workplaces for the Future",preparing-workplaces-for-the-future,,,,,,,,,,,,,,,,,,,,,,,,,
37363,2020-05-22,"The Rebuilding Process Begins at East End United Methodist Church After Devastating Tornado",the-rebuilding-process-begins-at-east-end-united-methodist-church-after-devastating-tornado,,,,,,,,,,,,culture-non-profit,,,,,,,,,,,,,
36066,2020-05-18,"Evaluating Exposure to Cost Overruns and Claims During Tumultuous Times",evaluating-exposure-to-cost-overruns-and-claims-during-tumultuous-times,,,,,,,,,,,,,,,,,,,,,,,,,
35999,2020-05-18,"The Healthcare Sector Pre- and Post-COVID-19",the-healthcare-sector-pre-and-post-covid-19,,,,,,,,,,,,,,,,,,chicago,,,,,,,
35968,2020-04-30,"On CO Panel, Port Authority Chief Says There’s 97 Percent Decrease in Ridership",on-co-panel-port-authority-chief-says-theres-97-percent-decrease-in-ridership,,,,,,,,,,,,,,,,,,,,,,,,,
35981,2020-04-27,"Construction in the post-Covid-19 environment",construction-in-the-post-covid-19-environment,,,,,,,,,,,,,,,,,,,,,,,,,
35931,2020-04-22,"COVID-19 and the Global Construction Market – Washington State (April 20, 2020)",covid-19-and-the-global-construction-market-washington-state-april-20-2020,,,,,,,,,,,,,,,,,,,,,,,,,
35885,2020-04-14,"The Role of Leadership in Project Success",the-role-of-leadership-in-project-success,,,,,,,,,,,,,,,,,,,,,,,,,
35875,2020-04-14,"Implementing School District Construction Programs, Part 2",implementing-school-district-construction-programs-2-podcast,,,,,,,"The Construction Insiders Podcast",1,6,,,k-12-education,,,,,,los-angeles,,,,,,,
35869,2020-04-14,"The Construction Supply Crisis Has Been Greatly Exaggerated",the-construction-supply-crisis-has-been-greatly-exaggerated,,,,,,,,,,,,,,,,,,,,,,,,,
35841,2020-04-09,"Implementing School District Construction Programs, Part 1",implementing-school-district-construction-programs-1-podcast,,,,,,,"The Construction Insiders Podcast",1,5,,,k-12-education,,,,,,los-angeles,,,,,,,
35821,2020-04-08,"COVID-19 and the Global Construction Market (April 6, 2020)",webinar-covid-19-and-the-global-construction-market-april-6-2020,,,,,,,,,,,,,,,,,,,,,,,,,
35733,2020-04-03,"Byron Topol",covid19-response-byron-topol,,,,,,,,,,,,,,,,,,,,,,,,,
35685,2020-04-01,"The New York City Construction Market",the-new-york-city-construction-market,,,,,,,,,,,,,,,,,,,,,,,,,
35679,2020-04-01,"Stephen Coulthard",covid19-response-stephen-coulthard,,,,,,,,,,,,,,,,,,,,,,,,,
35650,2020-03-31,"Gary Todd",covid19-response-gary-todd,,,,,,,,,,,,,,,,,,,,,,,,,
35652,2020-03-31,"Chris Thompson",covid19-response-chris-thompson,,,,,,,,,,,,,,,,,,,,,,,,,
35637,2020-03-30,"Steve Sciscione & Kristen Pyle",covid19-response-steve-sciscione-kristen-pyle,,,,,,,,,,,,,,,,,,,,,,,,,
35635,2020-03-30,"Chris Cummings",covid19-response-chris-cummings,,,,,,,,,,,,,,,,,,,,,,,,,
35624,2020-03-30,"Sonny Jester",covid19-response-sonny-jester,,,,,,,,,,,,,,,,,,,,,,,,,
35622,2020-03-30,"Jim Britton",covid19-response-jim-britton,,,,,,,,,,,,,,,,,,,,,,,,,
35594,2020-03-27,"Christine Marez",covid19-response-christine-marez,,,,,,,,,,,,,,,,,,,,,,,,,
35591,2020-03-27,"Jeff Birenbaum",covid19-response-jeff-birenbaum,,,,,,,,,,,,,,,,,,,,,,,,,
35546,2020-03-26,"Pete Melucci",covid19-response-pete-melucci,,,,,,,,,,,,,,,,,,,,,,,,,
35560,2020-03-25,"COVID-19 and the Global Construction Market",covid-19-and-the-global-construction-market,,,,,,,,,,,,,,,,,,chicago,,,,,,,
35507,2020-03-23,"Utilizing Cost Management as a Tool to Improve Project Performance (1 LU)",aia-course-utilizing-cost-management-as-a-tool-to-improve-project-performance,,,,,,,,,,,,,,,,,,,,,,,,,
35485,2020-03-20,"D-Profiler, Bringing Your Healthcare Project to Life (1 LU)",aia-course-d-profiler-bringing-your-healthcare-project-to-life,,,,,,,,,,,,,,,,,,,,,,,,,
35478,2020-03-20,"Chinese Copper, Italian Marble: Coronavirus Shipping Delays Hurt Developers",chinese-copper-italian-marble-coronavirus-shipping-delays-hurt-developers,,,,,,,,,,,,,,,,,,,,,,,,,
35402,2020-03-18,"Coronavirus imperils Chicago’s more than decadelong construction boom. ‘We’re mentally preparing for a shutdown.’",coronavirus-imperils-chicagos-more-than-decadelong-construction-boom-were-mentally-preparing-for-a-shutdown,,,,,,,,,,,,,,,,,,chicago,,,,,,,
35501,2020-03-17,"Five Years In, Cumming Continues to Strengthen Its Position in the Puget Sound Construction Industry",five-years-in-cumming-continues-to-strengthen-its-position-in-the-puget-sound-construction-industry,,,,,,,,,,,,,,,,,,,,,,,,,
35188,2020-02-27,"The State of Sustainability in Construction",the-state-of-sustainability-in-construction-podcast,,,,,,,"The Construction Insiders Podcast",1,4,,,,,,energy-sustainability-solutions,,,los-angeles,,,,,,,
35361,2020-02-24,"This New West Hollywood Hotel Has Massive Suites, Breathtaking Views, and the Hottest Nightclub on the Sunset Strip",this-new-west-hollywood-hotel-has-massive-suites-breathtaking-views-and-the-hottest-nightclub-on-the-sunset-strip,,,,,,,,,,,,,,,,,,,,,,,,,
37341,2020-02-21,"Moss Justice Center’s Multi-Phased Renovation and Addition Completed",moss-justice-centers-multi-phased-renovation-and-addition-completed,,,,,,,,,,,,,,,,,,,,,,,,,
35123,2020-02-19,"Coronavirus impacts could have ripple effect on U.S. construction industry",coronavirus-impacts-could-have-ripple-effect-on-u-s-construction-industry,,,,,,,,,,,,,,,,,,,,,,,,,
34984,2020-02-11,"TowerEight snapped up by US firm",towereight-snapped-up-by-us-firm,,,,,,,,,,,,,,,,,,,,,,,,,
35081,2020-02-11,"Making the grade: Why school construction costs are climbing and projects are stalling",making-the-grade-why-school-construction-costs-are-climbing-and-projects-are-stalling,,,,,,,,,,,,,,,,,,,,,,,,,
34975,2020-02-11,"Hospitality industry hums, especially five-star sector",hospitality-industry-hums-especially-five-star-sector,,,,,,,,,,,,,,,,,,,,,,,,,
34971,2020-02-11,"TowerEight Merges with International Construction Consultancy as It Continues to Invest in the UK",towereight-merges-with-international-construction-consultancy-as-it-continues-to-invest-in-the-uk,,,,,,,,,,,,,,,,,,,,,,,,,
34906,2020-02-06,"Will Smith Rejoins Cumming as Chief Executive, UK & Europe",will-smith-rejoins-cumming-as-chief-executive-uk-europe,,,,,,,,,,,,,,,,,,,,,,,,,
38229,2020-02-05,"A Guide to Developing Effective Owner Project Requirements",a-guide-to-developing-effective-owner-project-requirements,,,,,,,,,,,,,,,,,,,,,,,,,
34807,2020-01-30,"Escalation and Its Impact on Construction",escalation-and-its-impact-on-construction,,,,,,,,,,,,,,,,,,chicago,,,,,,,
34704,2020-01-15,"Delivering on the Promise of Design-Build",delivering-on-the-promise-of-design-build,,,,,,,,,,,,,,,,,,,,,,,,,
34692,2020-01-15,"Understanding the Themed Entertainment Sector",understanding-the-themed-entertainment-sector-podcast,,,,,,,"The Construction Insiders Podcast",1,3,,,themed-entertainment,,,,,,aliso-viejo,los-angeles,,,,,,
34649,2020-01-06,"Construction Consulting Firm Cumming Names New COO, President",construction-consulting-firm-cumming-names-new-coo-president,,,,,,,,,,,,,,,,,,,,,,,,,
34622,2020-01-06,"International Construction Consultancy Announces Executive Changes to Support Long-Term Growth",international-construction-consultancy-announces-executive-changes-to-support-long-term-growth,,,,,,,,,,,,,,,,,,,,,,,,,
34589,2020-01-02,"Construction Consultancy Sees Continued Growth in Seattle, Welcomes New Leadership",construction-consultancy-sees-continued-growth-in-seattle-welcomes-new-leadership,,,,,,,,,,,,,,,,,,,,,,,,,
34452,2019-12-10,"Recent Tariffs and Their Impact on the Construction Industry",recent-tariffs-and-their-impact-on-the-construction-industry-white-paper,,,,,,,,,,,,,,,,,,chicago,,,,,,,
34451,2019-12-10,"Recent Tariffs and Their Impact on the Construction Industry",recent-tariffs-and-their-impact-on-the-construction-industry-podcast,,,,,,,"The Construction Insiders Podcast",1,2,,,,,,,,,,,,,,,,
34280,2019-11-11,"Construction Growth Outpaces the Workforce",construction-growth-outpaces-the-workforce-lehrer-cumming,,,,,,,,,,,,,,,,,,,,,,,,,
34271,2019-11-11,"US consultant Cumming makes another move in UK market",us-consultant-cumming-makes-another-move-in-uk-market-prosurv-consult,,,,,,,,,,,,,,,,,,,,,,,,,
34238,2019-11-11,"Prosurv Merges with International Construction Consultancy to Help Support Its Long-Term Growth Goals, Diversify Portfolio Throughout U.K.",prosurv-merges-with-international-construction-consultancy-to-help-support-its-long-term-growth-goals-diversify-portfolio-throughout-u-k,,,,,,,,,,,,,,,,,,,,,,,,,
34234,2019-11-11,"Prosurv Merges with International Construction Consultancy to Help Support Its Long-Term Growth Goals, Diversify Portfolio Throughout U.K.",prosurv-merges-with-international-construction-consultancy-to-help-support-its-long-term-growth-goals-diversify-portfolio-throughout-u-k-2,,,,,,,,,,,,,,,,,,,,,,,,,
34219,2019-11-05,"Project One Foundation’s Annual Children’s Classic Raises More Than $600,000",project-one-foundations-annual-childrens-classic-raises-more-than-600000,,,,,,,,,,,,,,,,,,,,,,,,,
34055,2019-11-04,"The Value of Published Metrics in M/E/P Estimating",podcast-the-value-of-published-metrics-in-mep-estimating,,,,,,,"The Construction Insiders Podcast",1,1,,,,,,,,,scottsdale,,,,,,,
34100,2019-10-30,"The Value of Using Published Metrics for MEP Estimating",white-paper-the-value-of-using-published-metrics-for-mep-estimating,,,,,,,,,,,,,,,,,,,,,,,,,
34087,2019-10-30,"New Patient Tower at Henry Mayo Newhall Hospital Opens Doors",new-patient-tower-at-henry-mayo-newhall-hospital-opens-doors,,,,,,,,,,,,healthcare,,,,,,,,,,,,,
34079,2019-10-29,"Patient Tower At Henry Mayo Newhall Hospital Opens Doors",patient-tower-at-henry-mayo-newhall-hospital-opens-doors,,,,,,,,,,,,,,,,,,,,,,,,,
34019,2019-10-24,"EDITION Heralds A Third Renaissance For Sunset Boulevard",edition-heralds-a-third-renaissance-for-sunset-boulevard,,,,,,,,,,,,,,,,,,,,,,,,,
34042,2019-10-17,"Best Interior/Tenant Improvement: BPX Energy, BP America Production Co., Denver Headquarters",best-interior-tenant-improvement-bpx-energy-bp-america-production-co-denver-headquarters,,,,,,,,,,,,,,,,,,,,,,,,,
33711,2019-10-02,"Project One Cumming Completes Merger Transition Consolidates Operations",project-one-cumming-completes-merger-transition-consolidates-operations,,,,,,,,,,,,,,,,,,,,,,,,,
33752,2019-09-30,"The Barbara Walters Campus Center Opens At Sarah Lawrence College In Yonkers",the-barbara-walters-campus-center-opens-at-sarah-lawrence-college-in-yonkers,,,,,,,,,,,,,,,,,,,,,,,,,
33575,2019-09-23,"$20 million Sheltair FBO complex lands at Rocky Mtn. airport",20-million-sheltair-fbo-complex-lands-at-rocky-mtn-airport,,,,,,,,,,,,,,,,,,,,,,,,,
33387,2019-08-26,"Southeast On the Scene for September 2019",southeast-on-the-scene-for-september-2019,,,,,,,,,,,,,,,,,,,,,,,,,
33306,2019-08-16,"Construction Finishes at Medical University Of South Carolina",construction-finishes-at-medical-university-of-south-carolina,,,,,,,,,,,,,,,,,,,,,,,,,
33017,2019-07-16,"CapEX Merges with International Construction Consultancy",capex-merges-with-international-construction-consultancy,,,,,,,,,,,,,,,,,,,,,,,,,
33012,2019-07-16,"CapEX Merges with International Construction Consultancy",press-release-capex-merges-with-international-construction-consultancy,,,,,,,,,,,,,,,,,,,,,,,,,
32997,2019-07-10,"American Dream Sets Opening for October 25, 2019",american-dream-sets-opening-for-october-25-2019,,,,,,,,,,,,,,,,,,,,,,,,,
32623,2019-06-12,"ENR 2019's Top 100 Professional Service Firms: Companies Aim to Offer Clients More",enr-2019s-top-100-professional-service-firms-companies-aim-to-offer-clients-more,,,,,,,,,,,,,,,,,,,,,,,,,
32594,2019-06-06,"CBJ Morning Buzz: Facility breaks ground in Indian Land",cbj-morning-buzz-facility-breaks-ground-in-indian-land,,,,,,,,,,,,,,,,,,,,,,,,,
32546,2019-05-28,"Construction financing: What hotel lenders have to say",construction-financing-what-hotel-lenders-have-to-say,,,,,,,,,,,,,,,,,,,,,,,,,
32504,2019-05-17,"New York’s Iconic Waldorf Astoria: Second Phase of Major Renovations Begins",new-yorks-iconic-waldorf-astoria-second-phase-of-major-renovations-begins,,,,,,,,,,,,,,,,,,,,,,,,,
32445,2019-05-08,"Chicago Construction Cost Increases To Steady In 2019 And Beyond",chicago-construction-cost-increases-to-steady-in-2019-and-beyond,,,,,,,,,,,,,,,,,,chicago,,,,,,,
32308,2019-04-18,"Four Seasons hotel and condos to open on Fort Lauderdale beach next year",four-seasons-hotel-and-condos-to-open-on-fort-lauderdale-beach-next-year,,,,,,,,,,,,,,,,,,,,,,,,,
32189,2019-04-02,"Is construction activity on track to slow in metro Denver?",is-construction-activity-on-track-to-slow-in-metro-denver,,,,,,,,,,,,,,,,,,,,,,,,,
32151,2019-03-26,"Economist: Diversification in Las Vegas crucial to area’s stability in fluctuating national economy",economist-diversification-in-las-vegas-crucial-to-areas-stability-in-fluctuating-national-economy,,,,,,,,,,,,,,,,,,,,,,,,,
32140,2019-03-26,"In $5B Makeover, the 'American Dream' Emerges in New Jersey",in-5b-makeover-the-american-dream-emerges-in-new-jersey,,,,,,,,,,,,,,,,,,,,,,,,,
32119,2019-03-22,"New Charleston County School District 2 Regional Stadium Opens Its Gates",new-charleston-county-school-district-2-regional-stadium-opens-its-gates,,,,,,,,,,,,,,,,,,,,,,,,,
32240,2019-03-20,"A long-time York County building is going down. Here’s what’s going up to replace it.",a-long-time-york-county-building-is-going-down-heres-whats-going-up-to-replace-it,,,,,,,,,,,,,,,,,,,,,,,,,
32101,2019-03-20,"Cumming to Oversee $2.4 Billion School Improvement Plan",cumming-to-oversee-2-4-billion-school-improvement-plan,,,,,,,,,,,,,,,,,,,,,,,,,
32057,2019-03-06,"California Dreamin’: Three New Properties Debut",california-dreamin-three-new-properties-debut,,,,,,,,,,,,,,,,,,,,,,,,,
31977,2019-02-25,"Construction Consultancy Sees Continued Growth in California, Promotes Key Regional Leadership",construction-consultancy-sees-continued-growth-in-california-promotes-key-regional-leadership,,,,,,,,,,,,,,,,,,,,,,,,,
31635,2019-01-18,"York County’s Moss justice center addition expected to open in March",york-countys-moss-justice-center-addition-expected-to-open-in-march,,,,,,,,,,,,,,,,,,,,,,,,,
31537,2019-01-10,"Wake County Public School System Brings on Third Party Construction Management Firm to Ensure Transparency Through Oversight",wake-county-public-school-system-brings-on-third-party-construction-management-firm-to-ensure-transparency-through-oversight,,,,,,,,,,,,k-12-education,,,,,,,,,,,,,
31515,2018-12-20,"Hotel construction continues despite costly resources, limited labor",hotel-construction-continues-despite-costly-resources-limited-labor,,,,,,,,,,,,,,,,,,,,,,,,,
30641,2018-12-11,"London-based MHBC Merges with Cumming, an International Construction Consultancy",london-based-mhbc-merges-with-cumming-an-international-construction-consultancy,,,,,,,,,,,,,,,,,,,,,,,,,
30623,2018-12-11,"US practice acquires London surveyors",us-practice-acquires-london-surveyors,,,,,,,,,,,,,,,,,,,,,,,,,
30617,2018-12-11,"Consultant MHBC merges with Cumming",consultant-mhbc-merges-with-cumming,,,,,,,,,,,,,,,,,,,,,,,,,
30150,2018-11-06,"Peter M. Lehrer Inducted Into North Carolina State Hall of Fame",peter-m-lehrer-inducted-into-north-carolina-state-hall-of-fame,,,,,,,,,,,,,,,,,,,,,,,,,
29902,2018-10-23,"Site Exploration Begins on New Middle School in Arrowcreek",site-exploration-begins-on-new-middle-school-in-arrowcreek,,,,,,,,,,,,,,,,,,,,,,,,,
29694,2018-10-15,"Construction Advisory Firm Lehrer Cumming Consolidates at 888 Seventh Avenue",construction-advisory-firm-lehrer-cumming-consolidates-at-888-seventh-avenue,,,,,,,,,,,,,,,,,,,,,,,,,
29698,2018-10-11,"Lehrer Cumming Team Members Move into New Midtown Office Post-Merger",lehrer-cumming-team-members-move-into-new-midtown-office-post-merger,,,,,,,,,,,,,,,,,,,,,,,,,
29519,2018-10-10,"Charleston County School District Completes New District Two Regional Stadium In Mt. Pleasant",charleston-county-school-district-completes-new-district-two-regional-stadium-in-mt-pleasant,,,,,,,,,,,,,,,,,,,,,,,,,
29322,2018-09-28,"Hawaii Convention Center plans $26M in renovations",hawaii-convention-center-plans-26m-in-renovations,,,,,,,,,,,,,,,,,,,,,,,,,
29359,2018-09-28,"Highgate Hotels to convert Atlanta boutique into The Burgess Hotel",highgate-hotels-to-convert-atlanta-boutique-into-the-burgess-hotel,,,,,,,,,,,,,,,,,,,,,,,,,
29244,2018-09-22,"Sustainability efforts grow in SaMo schools",sustainability-efforts-grow-in-samo-schools,,,,,,,,,,,,,,,,,,,,,,,,,
29041,2018-09-05,"Lean, tech, talent training highlight contractor innovations",lean-tech-talent-training-highlight-contractor-innovations,,,,,,,,,,,,,,,,,,,,,,,,,
29343,2018-08-21,"Waldorf Astoria renovation moves into its next phase",waldorf-astoria-renovation-moves-into-its-next-phase,,,,,,,,,,,,,,,,,,,,,,,,,
22393,2018-08-03,"Market Update – Section 232/301 Sanction Impacts to Current Construction Costs",market-update-section-232-301-sanction-impacts-to-current-construction-costs,,,,,,,,,,,,,,,,,,,,,,,,,
22339,2018-08-01,"International Firm to Merge with Midtown Construction Consultant Lehrer",international-firm-to-merge-with-midtown-construction-consultant-lehrer,,,,,,,,,,,,,,,,,,,,,,,,,
22237,2018-08-01,"Lehrer, LLC, a New York-Based Construction Advisory Firm, Merges with Cumming",lehrer-llc-a-new-york-based-construction-advisory-firm-merges-with-cumming,,,,,,,,,,,,,,,,,,,,,,,,,
22234,2018-08-01,"Lehrer, LLC, a New York-Based Construction Advisory Firm, Merges with Cumming, an International Construction Consultancy",lehrer-llc-a-new-york-based-construction-advisory-firm-merges-with-cumming-an-international-construction-consultancy,,,,,,,,,,,,,,,,,,,,,,,,,
22165,2018-07-25,"Kid Friendly South Bay Inn & Suites",kid-friendly-south-bay-inn-suites,,,,,,,,,,,,,,,,,,,,,,,,,
22031,2018-07-16,"South Bay Inn & Suites Opens Its Doors In Myrtle Beach Just In Time For Summer Beachgoers",south-bay-inn-suites-opens-its-doors-in-myrtle-beach-just-in-time-for-summer-beachgoers,,,,,,,,,,,,,,,,,,,,,,,,,
21781,2018-06-28,"Marin Schools Use Summer Vacation for Construction",marin-schools-use-summer-vacation-for-construction,,,,,,,,,,,,,,,,,,,,,,,,,
21710,2018-06-22,"Local Colorado Project Management Firm Oversees Construction of New 25,000-Square-Foot Facility for the Adaptive Sports Center In Crested Butte",local-colorado-project-management-firm-oversees-construction-of-new-25000-square-foot-facility-for-the-adaptive-sports-center-in-crested-butte,,,,,,,,,,,,,,,,,,,,,,,,,
21183,2018-05-21,"Construction for New City of Santa Monica Fire Station to Start This Summer",construction-for-new-city-of-santa-monica-fire-station-to-start-this-summer,,,,,,,,,,,,,,,,,,,,,,,,,
21178,2018-05-18,"It Wasn't Easy, but West Ashley is Getting a New Stono Park Elementary",it-wasnt-easy-but-west-ashley-is-getting-a-new-stono-park-elementary,,,,,,,,,,,,,,,,,,,,,,,,,
20551,2018-04-05,"Construction Consultancy Sees Immediate Growth In Oakland With Local Leadership’s Client First Approach",construction-consultancy-sees-immediate-growth-in-oakland-with-local-leaderships-client-first-approach,,,,,,,,,,,,,,,,,,,,,,,,,
20536,2018-04-03,"Piedmont Tech Gets $1.5M for Manufacturing Center",piedmont-tech-gets-1-5m-for-manufacturing-center,,,,,,,,,,,,,,,,,,,,,,,,,
20510,2018-04-02,"Cumming Employs a Proven Construction Method to Raise Accountability and Keep Building Costs Under Control",cumming-employs-a-proven-construction-method-to-raise-accountability-and-keep-building-costs-under-control,,,,,,,,,,,,,,,,,,,,,,,,,
20506,2018-03-30,"Westfield Designer Discusses Future of Shopping Malls",westfield-designer-discusses-future-of-shopping-malls,,,,,,,,,,,,,,,,,,,,,,,,,
20488,2018-03-27,"Makeover Underway to Bring Restaurant, Wine Bar to DTLA’s Music Center Plaza",makeover-underway-to-bring-restaurant-wine-bar-to-dtlas-music-center-plaza,,,,,,,,,,,,,,,,,,,,,,,,,
20248,2018-03-07,"Construction Consultancy Grows Presence in Pacific Northwest, Welcomes New Leadership",construction-consultancy-grows-presence-in-pacific-northwest-welcomes-new-leadership,,,,,,,,,,,,,,,,,,,,,,,,,
20207,2018-02-22,"Cumming Completes Initial Seven Fatface Stores for U.K. Retailer’s U.S. Debut, Additional East Coast Plans for 2018",cumming-completes-initial-seven-fatface-stores-for-uk-retailers-us-debut-additional-east-coast-plans-for-2018,,,,,,,,,,,,,,,,,,,,,,,,,
20029,2018-02-22,"Lake Wylie Is Still Waiting on Its Sports Park. York County May Ask for Help.",lake-wylie-still-waiting-sports-park-york-county-may-ask-help,,,,,,,,,,,,,,,,,,,,,,,,,
20010,2018-02-21,"Cumming, Gibbs Giden to Host 24th Annual Southern California Development Overview, Legal Review Preview",cumming-gibbs-giden-to-host-24th-annual-southern-california-development-overview-legal-review-preview,,,,,,,,,,,,,,,,,,,,,,,,,
19993,2018-02-17,"Face to Face: Matthew Priddy, Cumming Corp",face-face-matthew-priddy-cumming-corp,,,,,,,,,,,,,,,,,,,,,,,,,
19800,2018-01-29,"Chicago’s Old Main Post Office Making Progress",chicagos-old-main-post-office-making-progress-project-monitoring,,,,,,,,,,,,,,,,,,,,,,,,,
19705,2018-01-18,"Project One Merges With Cumming",project-one-merges-with-cumming-denver-project-management,,,,,,,,,,,,,,,,,,,,,,,,,
19727,2018-01-17,"Construction Consultancy Grows Presence in New England, Welcomes New Leadership",construction-consultancy-grows-presence-in-new-england-welcomes-new-leadership,,,,,,,,,,,,,,,,,,,,,,,,,
19640,2018-01-12,"International Construction Consultancy Merges with Colorado-Based Project One",international-construction-consultancy-merges-with-colorado-based-project-one,,,,,,,,,,,,,,,,,,,,,,,,,
19635,2018-01-11,"Cumming leads repair projects in Newberry County",cumming-leads-repair-projects-in-newberry-county,,,,,,,,,,,,,,,,,,,,,,,,,
19610,2018-01-10,"Newberry County Set to Kick Off Next Phase of Much Needed Repairs",newberry-county-set-to-kick-off-next-phase-of-much-needed-repairs,,,,,,,,,,,,,,,,,,,,,,,,,
19618,2018-01-04,"Price of growth: Fort Mill voters will be asked to OK $190M for 3 new schools, more",price-of-growth-fort-mill-voters-will-be-asked-to-ok-190m-for-3-new-schools-more,,,,,,,,,,,,,,,,,,,,,,,,,
19365,2017-12-26,"Construction Set for $40-Million Music Center Plaza Renovation in Los Angeles",construction-set-for-40-million-music-center-plaza-renovation-los-angeles,,,,,,,,,,,,,,,,,,,,,,,,,
19614,2017-12-19,"Find more funding for new Estancia High aquatic center, Newport-Mesa board tells staffers",find-more-funding-for-new-estancia-high-aquatic-center-newport-mesa-board-tells-staffers,,,,,,,,,,,,,,,,,,,,,,,,,
19025,2017-10-31,"ASTAD set to develop theme park in Qatar",astad-set-to-develop-theme-park-in-qatar,,,,,,,,,,,,,,,,,,,,,,,,,
18703,2017-10-06,"Marriott begins development on Southern California's first Westin in 25 years",marriott-begins-development-on-southern-californias-first-westin-in-25-years,,,,,,,,,,,,,,,,,,,,,,,,,
18708,2017-10-04,"Construction Teams Broke Ground on New 613-Room Westin Resort in Southern California",construction-teams-broke-ground-new-613-room-westin-resort-southern-california,,,,,,,,,,,,,,,,,,,,,,,,,
18347,2017-09-13,"The Immediate and Long-Term Impacts of Hurricanes Harvey and Irma on the Construction Industry",immediate-and-long-term-impacts-of-hurricanes-harvey-and-irma-on-the-construction-industry,,,,,,,,,,,,,,,,,,,,,,,,,
18343,2017-09-13,"School Starts At Charleston County School District After A Busy Summer Filled With Construction Projects",school-starts-charleston-county-school-district-busy-summer-filled-construction-projects-news,,,,,,,,,,,,,,,,,,,,,,,,,
18718,2017-09-06,"School Starts at Charleston County School District After a Busy Summer Filled with Construction Projects",school-starts-charleston-county-school-district-busy-summer-filled-construction-projects,,,,,,,,,,,,,,,,,,,,,,,,,
18258,2017-08-23,"Work progresses on $300 million Tahoe Beach Club",work-progresses-300-million-tahoe-beach-club,,,,,,,,,,,,,,,,,,,,,,,,,
18722,2017-08-17,"Tahoe Beach Club Continues Construction, Lakefront Community Beginning to Take Shape This Summer",tahoe-beach-club-continues-construction-lakefront-community-beginning-take-shape-summer,,,,,,,,,,,,,,,,,,,,,,,,,
17751,2017-07-26,"Leading construction consultancy brings on new Chief Financial Officer to provide international strategy during growth",leading-construction-consultancy-brings-on-new-cfo,,,,,,,,,,,,,,,,,,,,,,,,,
18006,2017-07-24,"Latest Charleston County hotel report shows continued strength",latest-charleston-county-hotel-report-shows-continued-strength,,,,,,,,,,,,,,,,,,,,,,,,,
18720,2017-07-19,"South Bay Inn & Suites Tops Out in Myrtle Beach After 12 Months of Construction",south-bay-inn-suites-tops-myrtle-beach-12-months-construction,,,,,,,,,,,,,,,,,,,,,,,,,
17590,2017-06-30,"L.A.’s John Anson Ford Amphitheater might finally be ready for its close-up",los-angeles-john-anson-ford-ampitheater-might-finally-be,,,,,,,,,,,,,,,,,,,,,,,,,
17203,2017-06-26,"Michelle Felman Appointed to the Board of Directors at Cumming",michelle-felman-appointed-to-the-board-of-directors-at-cumming-2,,,,,,,,,,,,,,,,,,chicago,,,,,,,
17188,2017-06-26,"Michelle Felman Appointed to The Board of Directors at Cumming",michelle-felman-appointed-to-the-board-of-directors-at-cumming,,,,,,,,,,,,,,,,,,,,,,,,,
17423,2017-06-14,"The Top 100 Professional Service Firms: See Where Your Company Ranks",the-top-100-professional-service-forms-see-where-your-company-ranks,,,,,,,,,,,,,,,,,,,,,,,,,
17681,2017-06-07,"Ian Schrager, still cool at age 70, opens new PUBLIC hotel",ian-schrager-still-cool-age-70-opens-new-public-hotel,,,,,,,,,,,,,,,,,,,,,,,,,
17679,2017-05-30,"W Fort Lauderdale Unveils First Phase of $55 Million Redesign",w-fort-lauderdale-unveils-first-phase-55-million-redesign,,,,,,,,,,,,,,,,,,,,,,,,,
17198,2017-05-18,"Cumming Kicks Off Measure G Bond Construction Program for Castro Valley Unified School District",cumming-kicks-off-measure-g-bond-construction-program-for-castro-valley-unified-school-district,,,,,,,,,,,,k-12-education,,,,,,,,,,,,,
17669,2017-05-16,"USC unveils new $80 million law school",usc-unveils-new-80-million-law-school,,,,,,,,,,,,,,,,,,,,,,,,,
17676,2017-05-11,"Ian Schrager Debuts New Luxury Lifestyle Concept Public",ian-schrager-debuts-new-luxury-lifestyle-concept-public,,,,,,,,,,,,,,,,,,,,,,,,,
16758,2017-05-09,"Design Work Begins on New San Diego City College Facility",design-work-begins-new-san-diego-city-college-facility,,,,,,,,,,,,,,,,,,,,,,,,,
17194,2017-04-18,"International Construction Consultancy Cumming Announces Strategic Alliance with Intercontinental Consultants and Technocrats Pvt. Ltd. to Strengthen Capabilites in Infrastructure",international-construction-consultancy-cumming-announces-strategic-alliance-with-intercontinental-consultants-and-technocrats-pvt-ltd-to-strengthen-capabilites-in-infrastructure,,,,,,,,,,,,,,,,,,,,,,,,,
16749,2017-01-18,"After 2 years and $10 million, check out renovated York County Courthouse",2-years-10-million-check-renovated-york-county-courthouse,,,,,,,,,,,,,,,,,,,,,,,,,
17673,2017-01-03,"Waldorf Astoria New York to shut down today for renovations",waldorf-astoria-new-york-shut-today-renovations,,,,,,,,,,,,,,,,,,,,,,,,,
16736,2016-12-30,"Ribbon is Cut on New Warren Town Hall, A Vision Realized",ribbon-cut-new-warren-town-hall-vision-realized,,,,,,,,,,,,,,,,,,,,,,,,,
14271,2016-11-11,"A Lighthouse for the Mind",a-lighthouse-for-the-mind,,,,,,,,,,,,,,,,,,,,,,,,,
13613,2016-10-17,"Get ready to see inside Lake Wylie aquatic center",get-ready-to-see-inside-lake-wylie-aquatic-center,,,,,,,,,,,,,,,,,,,,,,,,,
15245,2016-10-12,"Long-Planned Four Seasons Opens in New York",long-planned-four-seasons-opens-new-york,,,,,,,,,,,,,,,,,,,,,,,,,
13618,2016-10-04,"Cumming Completes $17.8 Million Aquatic and Fitness Center, Clover School District’s New Facility to Open Mid-October",cumming-completes-17-8-million-aquatic-and-fitness-center-clover-school-districts-new-facility-to-open-mid-october,,,,,,,,,,,,,,,,,,,,,,,,,
13625,2016-09-09,"Mark D. Fergus FRICS to Serve as Southern California RICS Chairman",mark-d-fergus-frics-to-serve-as-southern-california-rics-chairman,,,,,,,,,,,,,,,,,,,,,,,,,
5196,2016-08-19,"Ground is Broken on Shawn Jenkins Children’s Hospital & Pearl Tourville Women’s Pavilion",ground-broken-shawn-jenkins-childrens-hospital-pearl-tourville-womens-pavilion,,,,,,,,,,,,,,,,,,,,,,,,,
15261,2016-06-16,"Top 100 Professional Services Firms",top-100-professional-services-firms-2,,,,,,,,,,,,,,,,,,chicago,,,,,,,
13789,2016-02-01,"London-Based GB Fitzsimon Merges with Cumming’s International Construction Cost and Project Management Team",london-based-gb-fitzsimon-merges-with-cummings-international-construction-cost-and-project-management-team,,,,,,,,,,,,,,,,,,,,,,,,,
5160,2016-02-01,"Construction Management Firm Cumming Acquires London Company",construction-management-firm-cumming-london,,,,,,,,,,,,,,,,,,,,,,,,,
5154,2015-12-23,"Derek Hutchison Rejoins Cumming as Executive Vice President",derek-hutchison-rejoins-cumming-as-executive-vice-president,,,,,,,,,,,,,,,,,,,,,,,,,
13785,2015-12-18,"Cumming Prepares for Continued Growth, Welcomes Back Senior Executive",cumming-prepares-for-continued-growth-welcomes-back-senior-executive,,,,,,,,,,,,,,,,,,,,,,,,,
5068,2015-09-17,"York courthouse renovation aims to preserve historic character",york-courthouse-renovation-aims-to-preserve-historic-character-2,,,,,,,,,,,,,,,,,,,,,,,,,
13781,2015-08-13,"Cumming Earns a Spot on the Coveted 2015 Inc. 5000 List; Recognized Across the Construction Industry for Continued Growth",cumming-earns-a-spot-on-the-coveted-2015-inc-5000-list-recognized-across-the-construction-industry-for-continued-growth,,,,,,,,,,,,,,,,,,,,,,,,,
4926,2015-07-01,"Three Local Construction Management Firms Make ENR’s Top 100",three-local-construction-management-firms-make-enrs-top-100-2,,,,,,,,,,,,,,,,,,,,,,,,,
4918,2015-06-26,"Bill Foulkes Hired as Project Management Executive at Cumming",bill-foulkes-hired-as-project-management-executive-at-cumming,,,,,,,,,,,,,,,,,,,,,,,,,
4911,2015-06-23,"A Gradual Rise in CMF-PM Fees",a-gradual-rise-in-cmf-pm-fees,,,,,,,,,,,,,,,,,,,,,,,,,
4901,2015-06-23,"Charleston County set to open three new schools in August",charleston-county-set-to-open-three-new-schools-in-august,,,,,,,,,,,,,,,,,,,,,,,,,
13777,2015-06-22,"Cumming Named Highest Ranked Construction Management Firm in San Diego, Top Five California-Based By Engineering News-Record",cumming-named-highest-ranked-construction-management-firm-in-san-diego-top-five-california-based-by-engineering-news-record,,,,,,,,,,,,,,,,,,,,,,,,,
4890,2015-04-15,"International consulting firm Cumming plans Hawaii expansion",international-consulting-firm-cumming-hawaii-expansion,,,,,,,,,,,,,,,,,,,,,,,,,
4819,2015-04-07,"Facebook’s new building is one big room",facebooks-new-building-is-one-big-room,,,,,,,,,,,,,,,,,,,,,,,,,
13773,2015-04-07,"Cumming Expands Hawaii-Based Team, Construction Successfully Completed on Recent Major Assignments",cumming-expands-hawaii-based-team-construction-successfully-completed-on-recent-major-assignments,,,,,,,,,,,,,,,,,,,,,,,,,
582,2015-04-06,"Facebook’s new building is one big room",facebooks-new-building-is-one-big-room-2,,,,,,,,,,,,,,,,,,,,,,,,,
4811,2015-03-19,"York County offices will stay in downtown",york-county-offices-will-stay-in-downtown,,,,,,,,,,,,,,,,,,,,,,,,,
4807,2015-03-17,"Construction execs discuss successful construction bonds",construction-execs-discuss-successful-construction-bonds,,,,,,,,,,,,,,,,,,,,,,,,,
4799,2015-03-11,"Cumming welcomes Jocelyn Des Laurier, Business Development Manager",cumming-welcomes-jocelyn-des-laurier-business-development-manager,,,,,,,,,,,,,,,,,,,,,,,,,
13769,2015-03-05,"Cumming to Present at the San Diego County Taxpayers Association School Bond Program on Project Management Best Practices",cumming-to-present-at-the-san-diego-county-taxpayers-association-school-bond-program-on-project-management-best-practices,,,,,,,,,,,,,,,,,,,,,,,,,
4679,2015-02-04,"Project management and cost consulting firm opens New Jersey office",cumming-corp-open-larger-office-new-jersey,,,,,,,,,,,,,,,,,,,,,,,,,
13765,2015-02-03,"Cumming Opens New Jersey Office, Continues Strategic Tri-State Expansion",cumming-opens-new-jersey-office-continues-strategic-tri-state-expansion,,,,,,,,,,,,,,,,,,,,,,,,,
4671,2015-01-27,"Courthouse renovation plans move forward",courthouse-renovation-plans-move-forward,,,,,,,,,,,,,,,,,,,,,,,,,
4666,2015-01-23,"Four Seasons Private Residences NY Downtown Tops Out",four-seasons-private-residences-ny-downtown-tops,,,,,,,,,,,,,,,,,,,,,,,,,
13761,2015-01-19,"Cumming, Gibbs Giden to Host 21st Annual Construction Conference",cumming-gibbs-giden-to-host-21st-annual-construction-conference,,,,,,,,,,,,,,,,,,,,,,,,,
4656,2015-01-03,"Breaking ground on York County’s future fire training center",breaking-ground-york-countys-future-fire-training-center,,,,,,,,,,,,,,,,,,,,,,,,,
4652,2014-11-18,"Council approves renovation of York County Courthouse",council-approves-renovation-york-county-courthouse,,,,,,,,,,,,,,,,,,,,,,,,,
4623,2014-11-12,"Project Services Provider Cumming Opens Larger Office in Dubai",project-management-cost-consulting-provider-cumming-opens-larger-office-dubai,,,,,,,,,,,,,,,,,,,,,,,,,
13757,2014-11-11,"Cumming Continues International Expansion with Opening of New Dubai Office",cumming-continues-international-expansion-with-opening-of-new-dubai-office,,,,,,,,,,,,,,,,,,,,,,,,,
13752,2014-11-03,"Cumming’s Christine Marez to participate at the Green California Schools Summit on Energy Efficiency and Proposition 39 Panels",cummings-christine-marez-to-participate-at-the-green-california-schools-summit-on-energy-efficiency-and-proposition-39-panels,,,,,,,,,,,,,,,,,,,,,,,,,
13748,2014-10-10,"Managing Principal from Cumming to Release Second Construction Management Book, to Speak At National CMAA Conference",managing-principal-from-cumming-to-release-second-construction-management-book-to-speak-at-national-cmaa-conference,,,,,,,,,,,,,,,,,,,,,,,,,
4595,2014-10-08,"Cumming hires new director of project management",cumming-hires-new-director-project-management,,,,,,,,,,,,,,,,,,,,,,,,,
4582,2014-10-03,"Cumming Appoints Bryan Roof to Join Growing D.C. Project Management Team",cumming-appoints-bryan-roof-join-growing-d-c-project-management-team,,,,,,,,,,,,,,,,,,,,,,,,,
13744,2014-10-02,"Cumming Hires Bryan Roof to Join Growing D.C. Project Management Team",cumming-hires-bryan-roof-to-join-growing-d-c-project-management-team,,,,,,,,,,,,,,,,,,,,,,,,,
13740,2014-09-12,"Cumming, Gilbane Joint Venture Leads to Successful University of South Carolina Darla Moore School of Business Opening",cumming-gilbane-joint-venture-leads-to-successful-university-of-south-carolina-darla-moore-school-of-business-opening,,,,,,,,,,,,,,,,,,,,,,,,,
4557,2014-09-02,"New Hire: Mildred Tolentino",new-hire-mildred-tolentino,,,,,,,,,,,,,,,,,,,,,,,,,
4550,2014-08-28,"People on the Move: John Olsson",people-move-john-olsson,,,,,,,,,,,,,,,,,,,,,,,,,
13731,2014-08-24,"Cumming’s Christine Marez to Present at Green Technology, California Proposition 39 Industry Forum",cummings-christine-marez-to-present-at-green-technology-california-proposition-39-industry-forum,,,,,,,,,,,,,,,,,,,,,,,,,
13727,2014-08-21,"Cumming to Oversee $99 Million in Capital Improvements for Clover School District as Construction Manager",cumming-to-oversee-99-million-in-capital-improvements-for-clover-school-district-as-construction-manager,,,,,,,,,,,,,,,,,,,,,,,,,
4534,2014-08-19,"Cumming promotes managing director",holt-leads-cummings-fort-mill-office,,,,,,,,,,,,,,,,,,,,,,,,,
4529,2014-07-29,"Cumming Corp. restructures management",cumming-corp-restructures-management,,,,,,,,,,,,,,,,,,,,,,,,,
4522,2014-07-29,"People on the Move: Alan Plummer",people-move-alan-plummer,,,,,,,,,,,,,,,,,,,,,,,,,
4509,2014-07-29,"Exploring Construction Delivery Methods: Design-Bid-Build vs. Construction Management at Risk",exploring-construction-delivery-methods-design-bid-build-vs-construction-management-risk,,,,,,,,,,,,,,,,,,,,,,,,,
13723,2014-07-24,"Cumming Completes West Coast Cost Management Restructuring",cumming-completes-west-coast-cost-management-restructuring,,,,,,,,,,,,,,,,,,,,,,,,,
13719,2014-06-25,"Cumming Awarded Project and Construction Management Services for UC San Francisco West Campus Locations",cumming-awarded-project-and-construction-management-services-for-uc-san-francisco-west-campus-locations,,,,,,,,,,,,,,,,,,,,,,,,,
4494,2014-06-17,"Owners Seek More Service",owners-seek-service,,,,,,,,,,,,,,,,,,,,,,,,,
4488,2014-06-17,"Cumming Tops Among Local Firms on National Construction Management List",cumming-tops-among-local-firms-national-construction-management-list,,,,,,,,,,,,,,,,,,,,,,,,,
13715,2014-06-16,"Cumming Named Highest Ranked Construction Management Firm in San Diego, By Engineering News-Record for Third Year in a Row",cumming-named-highest-ranked-construction-management-firm-in-san-diego-by-engineering-news-record-for-third-year-in-a-row,,,,,,,,,,,,,,,,,,,,,,,,,
4459,2014-05-13,"People On the Move: David Baird & Fergus O'Shea",people-move-david-baird-fergus-oshea,,,,,,,,,,,,,,,,,,,,,,,,,
13710,2014-04-29,"Cumming’s Lisa Sachs Appointed Commissioner for Worldwide ABET Construction Management Accreditation Program",cummings-lisa-sachs-appointed-commissioner-for-worldwide-abet-construction-management-accreditation-program,,,,,,,,,,,,,,,,,,,,,,,,,
4417,2014-04-10,"Construction consultant Cumming opens office in Durham",construction-consultant-cumming-opens-office-durham,,,,,,,,,,,,,,,,,,,,,,,,,
4410,2014-04-04,"The Local Impact on Community College Construction Programs in a Rebounding Market",local-impact-community-college-construction-programs-rebounding-market,,,,,,,,,,,,,,,,,,,,,,,,,
13706,2014-03-27,"Cumming to Present at the San Diego County Taxpayers Association Facilities Bond Program",cumming-to-present-at-the-san-diego-county-taxpayers-association-facilities-bond-program,,,,,,,,,,,,,,,,,,,,,,,,,
4403,2014-03-27,"Taxpayers Association to hold bond program seminar Saturday",taxpayers-association-hold-bond-program-seminar-saturday,,,,,,,,,,,,,,,,,,,,,,,,,
4365,2014-02-12,"Districts moving ahead with Proposition 39 energy projects",districts-moving-ahead-proposition-39-energy-projects,,,,,,,,,,,,,,,,,,,,,,,,,
4349,2014-02-10,"Planned Clover middle school has strong support",planned-clover-middle-school-strong-support,,,,,,,,,,,,,,,,,,,,,,,,,
4305,2014-02-03,"Clover school bond plan includes new elementary",clover-school-bond-plan-includes-new-elementary,,,,,,,,,,,,,,,,,,,,,,,,,
4294,2014-01-21,"People on the Move: Jason Beck",people-move-jason-beck,,,,,,,,,,,,,,,,,,,,,,,,,
13702,2014-01-16,"Cumming to Provide Energy Management Services to Glendale USD",cumming-to-provide-energy-management-services-to-glendale-usd,,,,,,,,,,,,,,,,,,,,,,,,,
4112,2013-12-03,"Silverstein’s 30 Park Place breaks ground",silversteins-30-park-place-breaks-ground,,,,,,,,,,,,,,,,,,,,,,,,,
4105,2013-12-02,"Four Seasons coming to downtown New York City",four-seasons-coming-downtown-new-york-city,,,,,,,,,,,,,,,,,,,,,,,,,
4100,2013-11-19,"Cumming Corp. hires new IT director",cumming-corp-hires-new-director,,,,,,,,,,,,,,,,,,,,,,,,,
4084,2013-11-18,"Lisa Sachs wasn’t afraid to give up a little control and partner with Cumming Corp. to build an even stronger business than the one she’d started",lisa-sachs-wasnt-afraid-give-little-control-partner-cumming-corp-build-even-stronger-business-one-shed-started,,,,,,,,,,,,,,,,,,,,,,,,,
13698,2013-11-12,"Cumming Delivers Four New Charleston County School District Facilities",cumming-delivers-four-new-charleston-county-school-district-facilities,,,,,,,,,,,,,,,,,,,,,,,,,
13694,2013-11-08,"Cumming Named Top Workplace by San Diego Union-Tribune, Workplacedynamics",cumming-named-top-workplace-by-san-diego-union-tribune-workplacedynamics,,,,,,,,,,,,,,,,,,,,,,,,,
4020,2013-11-08,"What are San Diego's Top Workplaces?",san-diegos-top-workplaces,,,,,,,,,,,,,,,,,,,,,,,,,
4013,2013-11-07,"People on the Move: Sandy Gray",people-move-sandy-gray,,,,,,,,,,,,,,,,,,,,,,,,,
4001,2013-11-06,"People on the Move: Daniel Pomfrett & Jerry Reich",people-move-daniel-pomfrett-jerry-reich,,,,,,,,,,,,,,,,,,,,,,,,,
13690,2013-11-05,"Cumming’s Christine Marez to Present at Annual Community College Facility Coalition Conference",cummings-christine-marez-to-present-at-annual-community-college-facility-coalition-conference,,,,,,,,,,,,,,,,,,,,,,,,,
3982,2013-10-25,"Locally Based Cumming Opens New York City Office",locally-based-cumming-opens-new-york-city-office,,,,,,,,,,,,,,,,,,,,,,,,,
3836,2013-10-23,"Project managers, Cumming, to expand in New York",project-managers-cumming-expand-new-york,,,,,,,,,,,,,,,,,,,,,,,,,
3811,2013-10-15,"Cumming Opens New York Office",cumming-opens-new-york-office,,,,,,,,,,,,,,,,,,,,,,,,,
13685,2013-10-15,"Cumming Continues Focus on Strategic Nationwide Expansion with Opening of New York City Office",cumming-continues-focus-on-strategic-nationwide-expansion-with-opening-of-new-york-city-office,,,,,,,,,,,,,,,,,,,,,,,,,
3764,2013-09-20,"Cumming is Development Manager for London EDITION",cumming-is-development-manager-for-london-edition,,,,,,,,,,,,,,,,,,,,,,,,,
3739,2013-08-28,"Renovations, Regulations Contribute to High Cost of School Buildings",renovations-regulations-contribute-high-cost-school-buildings,,,,,,,,,,,,,,,,,,,,,,,,,
3724,2013-08-27,"Marriott International, Ian Schrager Company to Open London Edition Hotel with Cumming as Development Manager",marriott-international-ian-schrager-company-open-london-edition-hotel-cumming-development-manager,,,,,,,,,,,,,,,,,,,,,,,,,
3707,2013-08-22,"Fort Mill School Capital Projects Keep Pace with Wet Weather",fort-mill-school-capital-projects-keep-pace-wet-weather,,,,,,,,,,,,,,,,,,,,,,,,,
13681,2013-08-13,"Cumming Relocates to New Downtown Los Angeles Space to Support Nationwide Growth Strategy",cumming-relocates-to-new-downtown-los-angeles-space-to-support-nationwide-growth-strategy,,,,,,,,,,,,,,,,,,,,,,,,,
13677,2013-07-24,"Glendale CCD Awards Construction Management Services to Cumming",glendale-ccd-awards-construction-management-services-to-cumming,,,,,,,,,,,,,,,,,,,,,,,,,
3631,2013-07-24,"Glendale Community College District Awards Construction Management Services to Cumming For New 90,000 Square Foot Lab College Services Building",glendale-community-college-district-awards-construction-management-services-to-cumming-for-new-90000-square-foot-lab-college-services-building,,,,,,,,,,,,,,,,,,,,,,,,,
13673,2013-07-09,"Cumming Continues Nationwide Expansion with Washington D.C. Area Office Move",cumming-continues-nationwide-expansion-with-washington-d-c-area-office-move,,,,,,,,,,,,,,,,,,,,,,,,,
3619,2013-07-03,"Ensuring a Healthy College Life",ensuring-a-healthy-college-life,,,,,,,,,,,,,,,,,,,,,,,,,
3611,2013-06-19,"Construction starts on new student health, counseling services center at CSUSM",construction-starts-on-new-student-health-counseling-services-center-at-csusm,,,,,,,,,,,,,,,,,,,,,,,,,
3590,2013-06-17,"Cumming Moves Up on Top 100 Construction Management List",cumming-moves-up-on-top-100-construction-management-list,,,,,,,,,,,,,,,,,,,,,,,,,
13669,2013-06-17,"Cumming Named Highest Ranked Construction Management Firm in San Diego, by Engineering News-Record",cumming-named-highest-ranked-construction-management-firm-in-san-diego-by-engineering-news-record,,,,,,,,,,,,,,,,,,,,,,,,,
13664,2013-05-17,"Cumming Awarded 2013 Partnered Project of the Year Award from the International Partnering Institute",cumming-awarded-2013-partnered-project-of-the-year-award-from-the-international-partnering-institute-2,,,,,,,,,,,,,,,,,,,,,,,,,
3483,2013-05-17,"Cumming Awarded 2013 Partnered Project of the Year Award from the International Partnering Institute",cumming-awarded-2013-partnered-project-of-the-year-award-from-the-international-partnering-institute,,,,,,,,,,,,,,,,,,,,,,,,,
3460,2013-05-06,"Cumming's Work Builds with Recovery",cummings-work-builds-with-recovery,,,,,,,,,,,,,,,,,,,,,,,,,
13659,2013-05-06,"Cumming Expands Orange County Office in Aliso Viejo, Kicks off Strategic Multi-City Growth Plan",cumming-expands-orange-county-office-in-aliso-viejo-kicks-off-strategic-multi-city-growth-plan,,,,,,,,,,,,,,,,,,,,,,,,,
13655,2013-03-28,"Cumming Receives Coveted 2013 Project Achievement Award from Construction Management Association of America",cumming-receives-coveted-2013-project-achievement-award-from-construction-management-association-of-america,,,,,,,,,,,,,,,,,,,,,,,,,
13650,2013-03-21,"Cumming Awarded Construction Management Services for California State University, San Marcos",cumming-awarded-construction-management-services-for-california-state-university-san-marcos,,,,,,,,,,,,,,,,,,,,,,,,,
3394,2013-03-20,"New Student Health and Counseling Building Coming to CSUSM",new-student-health-and-counseling-building-coming-to-csusm,,,,,,,,,,,,,,,,,,,,,,,,,
3262,2013-02-21,"Cumming Open House",cumming-open-house,,,,,,,,,,,,,,,,,,,,,,,,,
3252,2013-02-15,"Jacob Bowman Rejoins Cumming as Director of Cost Management",jacob-bowman-rejoins-cumming-as-director-of-cost-management,,,,,,,,,,,,,,,,,,,,,,,,,
3275,2013-02-13,"Daniel Pomfrett Joins as Senior Cost Manager",daniel-pomfrett-joins-as-senior-cost-manager,,,,,,,,,,,,,,,,,,,,,,,,,
3224,2013-01-29,"Cumming Streamlines School Project to Reduce Disruption",cumming-streamlines-school-project-to-reduce-disruption,,,,,,,,,,,,,,,,,,,,,,,,,
13646,2013-01-23,"Daniel Pomfrett Joins Cumming as a Senior Cost Manager",daniel-pomfrett-joins-cumming-as-a-senior-cost-manager,,,,,,,,,,,,,,,,,,,,,,,,,
3058,2012-12-03,"Mark Cho Joins Cumming as Program Director",mark-cho-joins-cumming-as-program-director,,,,,,,,,,,,,,,,,,,,,,,,,
3239,2012-12-02,"Westin Snowmass Resort — Completed and Now Open",westin-snowmass-resort-completed-and-now-open,,,,,,,,,,,,,,,,,,,,,,,,,
13642,2012-07-30,"Fergus O’Shea Joins Cumming as Director of Project Management",fergus-oshea-joins-cumming-as-director-of-project-management,,,,,,,,,,,,,,,,,,,,,,,,,
2949,2012-07-27,"Cumming Selected as ASPE’s Member Firm of the Year",cumming-selected-as-aspes-member-firm-of-the-year,,,,,,,,,,,,,,,,,,,,,,,,,
13638,2012-07-20,"Cumming Partners with Dillon County Schools and USDA to Deliver New Facilities",cumming-partners-with-dillon-county-schools-and-usda-to-deliver-new-facilities,,,,,,,,,,,,,,,,,,,,,,,,,
13736,2012-06-26,"Cumming Hires Andrew Gutowski as Project Director",cumming-hires-andrew-gutowski-as-project-director,,,,,,,,,,,,,,,,,,,,,,,,,
13634,2012-05-30,"Lisa C. Sachs Inducted Into AIA College of Fellows",lisa-c-sachs-inducted-into-aia-college-of-fellows,,,,,,,,,,,,,,,,,,,,,,,,,
2548,2012-05-02,"AIA’s Jury of Fellows to Recognize Cumming’s Lisa C. Sachs at AIA 2012 National Convention",aias-jury-of-fellows-to-recognize-cummings-lisa-c-sachs-at-aia-2012-national-convention,,,,,,,,,,,,,,,,,,,,,,,,,
2545,2012-04-23,"Charleston County School District Names Cumming’s Bob Faust Construction Manager of the Year",charleston-county-school-district-names-cummings-bob-faust-construction-manager-of-the-year,,,,,,,,,,,,,,,,,,,,,,,,,
2448,2012-02-28,"Anthony Sanchez Promoted to Vice President, Project Management",anthony-sanchez-promoted-to-vice-president-project-management,,,,,,,,,,,,,,,,,,,,,,,,,
13387,2012-02-28,"Anthony Sanchez Promoted to Vice President, Project Management",anthony-sanchez-promoted-to-vice-president-project-management-2,,,,,,,,,,,,,,,,,,,,,,,,,
13630,2012-02-10,"Cumming Opens New Office in Washington, D.C. Area",cumming-opens-new-office-in-washington-d-c-area,,,,,,,,,,,,,,,,,,,,,,,,,
2038,2011-10-21,"Cumming Selected as Project Manager for New Viejas Hotel",cumming-selected-as-project-manager-for-new-viejas-hotel,,,,,,,,,,,,,,,,,,,,,,,,,
